Variant,initial_aa,final_aa,topological_domain,functional_domain,d_size,d_hf,d_vol,d_msa,d_charge,d_pol,d_aro,residue_conserv,secondary_str,pLDDT,str_landscape,MTR
K4N,K,N,Cytoplasmic,unknown_function,14.07,-0.4,32.6,8.2,pos_to_neu,p_to_p,na_to_na,0.74279,coil,38.76,GAP1,0.703
R6P,R,P,Cytoplasmic,unknown_function,59.07,-2.9,29.8,-16.1,pos_to_neu,p_to_np,na_to_na,0.74378,coil,42.67,GAP1,0.707
G8C,G,C,Cytoplasmic,unknown_function,-46.09,-2.9,-28,46.6,neu_to_neu,p_to_p,na_to_na,0.64081,coil,35.85,GAP1,0.715
G8S,G,S,Cytoplasmic,unknown_function,-30.02,0.4,-18.1,13.5,neu_to_neu,p_to_p,na_to_na,0.64081,coil,35.85,GAP1,0.715
Y11H,Y,H,Cytoplasmic,unknown_function,26.03,1.9,29.3,2,neu_to_pos,np_to_p,a_to_na,0.60965,coil,34.88,GAP1,0.643
E17D,E,D,Cytoplasmic,unknown_function,14.03,0,15.9,3.6,neg_to_neg,p_to_p,na_to_na,0.52534,helix,32.57,GAP1,0.711
K21E,K,E,Cytoplasmic,unknown_function,-0.939999999999998,-0.4,20.8,5.7,pos_to_neg,p_to_p,na_to_na,0.52854,helix,30.99,GAP1,0.746
V22M,V,M,Cytoplasmic,unknown_function,-32.06,2.3,-15.1,15.7,neu_to_neu,np_to_np,na_to_na,0.51094,helix,30.46,GAP1,0.739
T35S,T,S,Cytoplasmic,unknown_function,14.03,0.1,15.9,-5.2,neu_to_neu,p_to_p,na_to_na,0.52223,coil,32.83,GAP1,0.585
L40P,L,P,Cytoplasmic,unknown_function,16.04,5.4,22.6,-56.1,neu_to_neu,np_to_np,na_to_na,0.70248,coil,36.81,GAP1,0.648
A43V,A,V,Cytoplasmic,unknown_function,-28.06,-2.4,-31.8,17.8,neu_to_neu,np_to_np,na_to_na,0.65683,coil,33.69,GAP1,0.73
R50H,R,H,Cytoplasmic,unknown_function,19.04,-1.3,21.6,22,pos_to_pos,p_to_p,na_to_na,0.62326,coil,33.72,GAP1,0.711
I53T,I,T,Cytoplasmic,unknown_function,12.05,5.2,29.6,-27.8,neu_to_neu,np_to_p,na_to_na,0.6551,coil,39.74,GAP1,0.735
P57S,P,S,Cytoplasmic,unknown_function,10.04,-0.8,22.9,25.7,neu_to_neu,np_to_p,na_to_na,0.70067,coil,38.07,GAP1,0.741
A64S,A,S,Cytoplasmic,unknown_function,-16,2.6,-2.2,-3.1,neu_to_neu,np_to_p,na_to_na,0.49678,coil,41.27,GAP1,0.74
P67A,P,A,Cytoplasmic,unknown_function,26.04,-3.4,25.1,28.8,neu_to_neu,np_to_np,na_to_na,0.68279,coil,51.62,GAP1,0.688
P67S,P,S,Cytoplasmic,unknown_function,10.04,-0.8,22.9,25.7,neu_to_neu,np_to_p,na_to_na,0.68279,coil,51.62,GAP1,0.688
F80S,F,S,Cytoplasmic,unknown_function,60.1,3.6,59.1,-35,neu_to_neu,np_to_p,a_to_na,0.69293,helix,87.73,FRAG1,0.554
Y82N,Y,N,Cytoplasmic,unknown_function,49.07,2.2,43.1,-16,neu_to_neu,np_to_p,a_to_na,0.59896,helix,87.16,FRAG1,0.526
L85P,L,P,Cytoplasmic,unknown_function,16.04,5.4,22.6,-56.1,neu_to_neu,np_to_np,na_to_na,0.48271,helix,85.74,FRAG1,0.507
P88Q,P,Q,Cytoplasmic,unknown_function,-31.02,1.9,-10.3,22.6,neu_to_neu,np_to_p,na_to_na,0.74223,coil,74.41,FRAG1,0.441
H96Y,H,Y,S1,voltage_domain,-26.03,-1.9,-29.3,-2,pos_to_neu,p_to_np,na_to_a,0.77205,membrane_helix,88.17,FRAG1,0.429
A97V,A,V,S1,voltage_domain,-28.06,-2.4,-31.8,17.8,neu_to_neu,np_to_np,na_to_na,0.73175,membrane_helix,88.08,FRAG1,0.425
V103I,V,I,S1,voltage_domain,-14.02,-0.3,-15.9,12.1,neu_to_neu,np_to_np,na_to_na,0.80002,membrane_helix,86.82,FRAG1,0.596
L107P,L,P,S1,voltage_domain,16.04,5.4,22.6,-56.1,neu_to_neu,np_to_np,na_to_na,0.7835,membrane_helix,85.66,FRAG1,0.529
V108M,V,M,S1,voltage_domain,-32.06,2.3,-15.1,15.7,neu_to_neu,np_to_np,na_to_na,0.79292,membrane_helix,87.3,FRAG1,0.562
F112L,F,L,S1,voltage_domain,34.02,-1,13.6,-4.6,neu_to_neu,np_to_np,a_to_na,0.82657,membrane_helix,87.71,FRAG1,0.64
S113F,S,F,Extracelullar,voltage_domain,-60.1,-3.6,-59.1,35,neu_to_neu,p_to_np,na_to_a,0.80996,membrane_helix,82.83,FRAG1,0.608
T114S,T,S,Extracelullar,voltage_domain,14.03,0.1,15.9,-5.2,neu_to_neu,p_to_p,na_to_na,0.80304,membrane_helix,83.92,FRAG1,0.58
V132L,V,L,S2,voltage_domain,-14.02,0.4,-15.9,9.5,neu_to_neu,np_to_np,na_to_na,0.77773,membrane_helix,91.05,FRAG1,0.605
V132M,V,M,S2,voltage_domain,-32.06,2.3,-15.1,15.7,neu_to_neu,np_to_np,na_to_na,0.77773,membrane_helix,91.05,FRAG1,0.605
I134V,I,V,S2,voltage_domain,14.02,0.3,15.9,-12.1,neu_to_neu,np_to_np,na_to_na,0.81786,membrane_helix,90.65,FRAG1,0.503
V135L,V,L,S2,voltage_domain,-14.02,0.4,-15.9,9.5,neu_to_neu,np_to_np,na_to_na,0.81173,membrane_helix,93.03,FRAG1,0.516
V139M,V,M,S2,voltage_domain,-32.06,2.3,-15.1,15.7,neu_to_neu,np_to_np,na_to_na,0.81812,membrane_helix,93.76,FRAG1,0.506
R144W,R,W,Cytoplasmic,voltage_domain,-30.03,-3.6,-29.2,36.3,pos_to_neu,p_to_np,na_to_a,0.84035,membrane_helix,90.88,FRAG1,0.484
W146R,W,R,Cytoplasmic,voltage_domain,30.03,3.6,29.2,-36.3,neu_to_pos,np_to_p,a_to_na,0.87457,membrane_helix,91.29,FRAG1,0.488
A147P,A,P,Cytoplasmic,voltage_domain,-26.04,3.4,-25.1,-28.8,neu_to_neu,np_to_np,na_to_na,0.79082,membrane_helix,89.59,FRAG1,0.563
A148T,A,T,Cytoplasmic,voltage_domain,-30.03,2.5,-18.1,2.1,neu_to_neu,np_to_p,na_to_na,0.82708,membrane_helix,87.28,FRAG1,0.557
R155C,R,C,Cytoplasmic,voltage_domain,53.04,-7,42.8,42.7,pos_to_neu,p_to_p,na_to_na,0.86497,coil,78.65,FRAG1,0.663
R155H,R,H,Cytoplasmic,voltage_domain,19.04,-1.3,21.6,22,pos_to_pos,p_to_p,na_to_na,0.86497,coil,78.65,FRAG1,0.663
R158K,R,K,Cytoplasmic,voltage_domain,28.01,-0.6,2.8,-4.2,pos_to_pos,p_to_p,na_to_na,0.84422,coil,88.73,FRAG1,0.742
R160P,R,P,Cytoplasmic,voltage_domain,59.07,-2.9,29.8,-16.1,pos_to_neu,p_to_np,na_to_na,0.84997,coil,90.01,FRAG1,0.693
K162R,K,R,Cytoplasmic,voltage_domain,-28.01,0.6,-2.8,4.2,pos_to_pos,p_to_p,na_to_na,0.8331,helix,89.92,FRAG1,0.697
C169R,C,R,S3,voltage_domain,-53.04,7,-42.8,-42.7,neu_to_pos,p_to_p,na_to_na,0.88252,coil,88.07,FRAG1,0.846
V170L,V,L,S3,voltage_domain,-14.02,0.4,-15.9,9.5,neu_to_neu,np_to_np,na_to_na,0.8316,membrane_helix,89.64,FRAG1,0.757
I177V,I,V,S3,voltage_domain,14.02,0.3,15.9,-12.1,neu_to_neu,np_to_np,na_to_na,0.77401,membrane_helix,88.55,FRAG1,0.71
A178T,A,T,S3,voltage_domain,-30.03,2.5,-18.1,2.1,neu_to_neu,np_to_p,na_to_na,0.78984,membrane_helix,84.16,FRAG1,0.676
V182M,V,M,S3,voltage_domain,-32.06,2.3,-15.1,15.7,neu_to_neu,np_to_np,na_to_na,0.79708,membrane_helix,78.38,FRAG1,0.565
A185T,A,T,S3,voltage_domain,-30.03,2.5,-18.1,2.1,neu_to_neu,np_to_p,na_to_na,0.79684,membrane_helix,77.49,GAP2,0.524
A185S,A,S,S3,voltage_domain,-16,2.6,-2.2,-3.1,neu_to_neu,np_to_p,na_to_na,0.79684,membrane_helix,77.49,GAP2,0.524
A185V,A,V,S3,voltage_domain,-28.06,-2.4,-31.8,17.8,neu_to_neu,np_to_np,na_to_na,0.79684,membrane_helix,77.49,GAP2,0.524
G186S,G,S,S3,voltage_domain,-30.02,0.4,-18.1,13.5,neu_to_neu,p_to_p,na_to_na,0.7912,membrane_helix,70.93,GAP2,0.493
S187F,S,F,S3,voltage_domain,-60.1,-3.6,-59.1,35,neu_to_neu,p_to_np,na_to_a,0.78411,membrane_helix,72.41,GAP2,0.491
Q188P,Q,P,Extracelullar,voltage_domain,31.02,-1.9,10.3,-22.6,neu_to_neu,p_to_np,na_to_na,0.848,coil,68.95,GAP2,0.47
N190K,N,K,Extracelullar,voltage_domain,-14.07,0.4,-32.6,-8.2,neu_to_pos,p_to_p,na_to_na,0.84766,helix,66.47,GAP2,0.355
V191I,V,I,Extracelullar,voltage_domain,-14.02,-0.3,-15.9,12.1,neu_to_neu,np_to_np,na_to_na,0.82801,helix,65.8,GAP2,0.357
A193V,A,V,Extracelullar,voltage_domain,-28.06,-2.4,-31.8,17.8,neu_to_neu,np_to_np,na_to_na,0.81929,helix,62.31,GAP2,0.304
S195F,S,F,Extracelullar,voltage_domain,-60.1,-3.6,-59.1,35,neu_to_neu,p_to_np,na_to_a,0.82273,helix,67.25,FRAG2,0.303
R201C,R,C,S4,voltage_domain,53.04,-7,42.8,42.7,pos_to_neu,p_to_p,na_to_na,0.84353,coil,68.27,FRAG2,0.253
I205M,I,M,S4,voltage_domain,-18.04,2.6,0.800000000000004,3.6,neu_to_neu,np_to_np,na_to_na,0.83876,membrane_helix,76.38,FRAG2,0.231
T217I,T,I,S4,voltage_domain,-12.05,-5.2,-29.6,27.8,neu_to_neu,p_to_np,na_to_na,0.83901,membrane_helix,84.63,FRAG2,0
T217A,T,A,S4,voltage_domain,30.03,-2.5,18.1,-2.1,neu_to_neu,p_to_np,na_to_na,0.83901,membrane_helix,84.63,FRAG2,0
T234I,T,I,S5,pore_domain,-12.05,-5.2,-29.6,27.8,neu_to_neu,p_to_np,na_to_na,0.83568,coil,95.5,FRAG2,0.086
A235T,A,T,S5,pore_domain,-30.03,2.5,-18.1,2.1,neu_to_neu,np_to_p,na_to_na,0.81594,membrane_helix,94.35,FRAG2,0.087
I238V,I,V,S5,pore_domain,14.02,0.3,15.9,-12.1,neu_to_neu,np_to_np,na_to_na,0.83796,membrane_helix,95.9,FRAG2,0.08
G239V,G,V,S5,pore_domain,-42.08,-4.6,-47.7,34.4,neu_to_neu,p_to_np,na_to_na,0.83092,membrane_helix,95.21,FRAG2,0.079
L252F,L,F,S5,pore_domain,-34.02,1,-13.6,4.6,neu_to_neu,np_to_np,na_to_a,0.79964,membrane_helix,95.61,FRAG2,0.13
E254G,E,G,Extracelullar,pore_domain,72.06,-3.1,47.2,-5.4,neg_to_neu,p_to_p,na_to_na,0.81514,membrane_helix,95.08,FRAG2,0.072
G256R,G,R,Extracelullar,pore_domain,-99.13,4.1,-70.8,3.9,neu_to_pos,p_to_p,na_to_na,0.75477,membrane_helix,89.41,FRAG2,0.076
G256V,G,V,Extracelullar,pore_domain,-42.08,-4.6,-47.7,34.4,neu_to_neu,p_to_np,na_to_na,0.75477,membrane_helix,89.41,FRAG2,0.076
N258K,N,K,Extracelullar,pore_domain,-14.07,0.4,-32.6,-8.2,neu_to_pos,p_to_p,na_to_na,0.83332,membrane_helix,88.33,FRAG2,0.077
D259N,D,N,Extracelullar,pore_domain,0.97999999999999,0,-4.1,-1.1,neg_to_neu,p_to_p,na_to_na,0.77117,membrane_helix,90.34,FRAG2,0.077
D259E,D,E,Extracelullar,pore_domain,-14.03,0,-15.9,-3.6,neg_to_neg,p_to_p,na_to_na,0.77117,membrane_helix,90.34,FRAG2,0.077
F261S,F,S,Extracelullar,pore_domain,60.1,3.6,59.1,-35,neu_to_neu,np_to_p,a_to_na,0.84291,coil,93.13,FRAG2,0.088
A267V,A,V,Pore,pore_domain,-28.06,-2.4,-31.8,17.8,neu_to_neu,np_to_np,na_to_na,0.83389,coil,96,FRAG2,0.26
W270C,W,C,Pore,pore_domain,83.07,-3.4,72,6.4,neu_to_neu,np_to_p,a_to_na,0.87828,membrane_helix,96.46,FRAG2,0.26
G271D,G,D,Pore,pore_domain,-58.03,3.1,-31.3,9,neu_to_neg,p_to_p,na_to_na,0.81171,membrane_helix,96.21,FRAG2,0.26
L272P,L,P,Pore,pore_domain,16.04,5.4,22.6,-56.1,neu_to_neu,np_to_np,na_to_na,0.80077,membrane_helix,96.62,FRAG2,0.243
T277N,T,N,Pore,selectivity_filter,-13,2.8,-1.4,-10.8,neu_to_neu,p_to_p,na_to_na,0.79332,membrane_helix,96.06,FRAG2,0.177
T277P,T,P,Pore,selectivity_filter,3.99000000000001,0.9,-7,-30.9,neu_to_neu,p_to_np,na_to_na,0.79332,membrane_helix,96.06,FRAG2,0.177
G281R,G,R,Pore,selectivity_filter,-99.13,4.1,-70.8,3.9,neu_to_pos,p_to_p,na_to_na,0.76872,coil,93.93,FRAG2,0.253
D282H,D,H,Pore,selectivity_filter,-22.06,-0.3,-17.9,16.9,neg_to_pos,p_to_p,na_to_na,0.79944,coil,95.42,FRAG2,0.238
T287I,T,I,Extracelullar,pore_domain,-12.05,-5.2,-29.6,27.8,neu_to_neu,p_to_np,na_to_na,0.79635,coil,95.66,FRAG2,0.206
W288C,W,C,Extracelullar,pore_domain,83.07,-3.4,72,6.4,neu_to_neu,np_to_p,a_to_na,0.83935,coil,95.03,FRAG2,0.205
R291S,R,S,Extracelullar,pore_domain,69.11,-3.7,52.7,9.6,pos_to_neu,p_to_p,na_to_na,0.79372,coil,95.74,FRAG2,0.175
L293F,L,F,S6,pore_domain,-34.02,1,-13.6,4.6,neu_to_neu,np_to_np,na_to_a,0.74788,membrane_helix,95.78,FRAG2,0.162
A294S,A,S,S6,pore_domain,-16,2.6,-2.2,-3.1,neu_to_neu,np_to_p,na_to_na,0.76429,membrane_helix,95.64,FRAG2,0.163
T296N,T,N,S6,pore_domain,-13,2.8,-1.4,-10.8,neu_to_neu,p_to_p,na_to_na,0.78176,membrane_helix,95.54,FRAG2,0.17
G301S,G,S,S6,pore_domain,-30.02,0.4,-18.1,13.5,neu_to_neu,p_to_p,na_to_na,0.76378,membrane_helix,94.36,FRAG2,0.131
G301V,G,V,S6,pore_domain,-42.08,-4.6,-47.7,34.4,neu_to_neu,p_to_np,na_to_na,0.76378,membrane_helix,94.36,FRAG2,0.131
S303C,S,C,S6,pore_domain,-16.07,-3.3,-9.9,33.1,neu_to_neu,p_to_p,na_to_na,0.77749,membrane_helix,94.43,FRAG2,0.147
F304C,F,C,S6,pore_domain,44.03,0.3,49.2,-1.9,neu_to_neu,np_to_p,a_to_na,0.79736,membrane_helix,95.05,FRAG2,0.147
G310S,G,S,S6,pore_domain,-30.02,0.4,-18.1,13.5,neu_to_neu,p_to_p,na_to_na,0.78401,membrane_helix,96.01,FRAG2,0.17
G313W,G,W,Cytoplasmic,unknown_function,-129.16,0.5,-100,40.2,neu_to_neu,p_to_np,na_to_a,0.80228,membrane_helix,95.88,FRAG2,0.103
K327N,K,N,Cytoplasmic,unknown_function,14.07,-0.4,32.6,8.2,pos_to_neu,p_to_p,na_to_na,0.86197,helix,78.93,FRAG2,0.563
H328N,H,N,Cytoplasmic,unknown_function,23.04,0.3,13.8,-18,pos_to_neu,p_to_p,na_to_na,0.88636,helix,78.4,FRAG2,0.44
R332K,R,K,hA,CaM_interaction,28.01,-0.6,2.8,-4.2,pos_to_pos,p_to_p,na_to_na,0.85615,helix,86.23,FRAG2,0.386
S342L,S,L,hA,CaM_interaction,-26.08,-4.6,-45.5,30.4,neu_to_neu,p_to_np,na_to_na,0.75125,helix,92.01,FRAG2,0.349
A348V,A,V,hA,CaM_interaction,-28.06,-2.4,-31.8,17.8,neu_to_neu,np_to_np,na_to_na,0.81789,helix,88.05,FRAG2,0.321
A348T,A,T,hA,CaM_interaction,-30.03,2.5,-18.1,2.1,neu_to_neu,np_to_p,na_to_na,0.81789,helix,88.05,FRAG2,0.321
N350S,N,S,hA,CaM_interaction,27.03,-2.7,17.3,5.6,neu_to_neu,p_to_p,na_to_na,0.84759,coil,84.39,FRAG2,0.284
R353C,R,C,Cytoplasmic,CaM_interaction,53.04,-7,42.8,42.7,pos_to_neu,p_to_p,na_to_na,0.83002,coil,75.53,FRAG2,0.45
D355Y,D,Y,Cytoplasmic,CaM_interaction,-48.09,-2.2,-47.2,14.9,neg_to_neu,p_to_np,na_to_a,0.81798,coil,73.94,FRAG2,0.448
D355E,D,E,Cytoplasmic,CaM_interaction,-14.03,0,-15.9,-3.6,neg_to_neg,p_to_p,na_to_na,0.81798,coil,73.94,FRAG2,0.448
L356P,L,P,Cytoplasmic,CaM_interaction,16.04,5.4,22.6,-56.1,neu_to_neu,np_to_np,na_to_na,0.7934,coil,77.51,FRAG2,0.499
S358P,S,P,hTW,CaM_interaction,-10.04,0.8,-22.9,-25.7,neu_to_neu,p_to_np,na_to_na,0.82396,helix,77.36,FRAG2,0.494
T359A,T,A,hTW,CaM_interaction,30.03,-2.5,18.1,-2.1,neu_to_neu,p_to_np,na_to_na,0.83093,helix,79.83,FRAG2,0.527
T359M,T,M,hTW,CaM_interaction,-30.09,-2.6,-28.8,31.4,neu_to_neu,p_to_np,na_to_na,0.83093,helix,79.83,FRAG2,0.527
W360R,W,R,hTW,CaM_interaction,30.03,3.6,29.2,-36.3,neu_to_pos,np_to_p,a_to_na,0.88364,coil,81.96,FRAG2,0.56
Y363C,Y,C,hTW,CaM_interaction,60.03,-3.8,50.5,22.7,neu_to_neu,np_to_p,a_to_na,0.87464,coil,82.48,FRAG2,0.645
V367I,V,I,Cytoplasmic,CaM_interaction,-14.02,-0.3,-15.9,12.1,neu_to_neu,np_to_np,na_to_na,0.81897,coil,69.24,FRAG2,0.672
T368N,T,N,Cytoplasmic,CaM_interaction,-13,2.8,-1.4,-10.8,neu_to_neu,p_to_p,na_to_na,0.80378,coil,60.65,GAP3,0.695
P370T,P,T,Cytoplasmic,CaM_interaction,-3.99000000000001,-0.9,7,30.9,neu_to_neu,np_to_p,na_to_na,0.82623,coil,50.6,GAP3,0.72
P370R,P,R,Cytoplasmic,CaM_interaction,-59.07,2.9,-29.8,16.1,neu_to_pos,np_to_p,na_to_na,0.82623,coil,50.6,GAP3,0.72
S374L,S,L,Cytoplasmic,CaM_interaction,-26.08,-4.6,-45.5,30.4,neu_to_neu,p_to_np,na_to_na,0.54782,coil,37.4,GAP3,0.806
R375C,R,C,Cytoplasmic,CaM_interaction,53.04,-7,42.8,42.7,pos_to_neu,p_to_p,na_to_na,0.5238,coil,35.98,GAP3,0.799
P379L,P,L,Cytoplasmic,CaM_interaction,-16.04,-5.4,-22.6,56.1,neu_to_neu,np_to_np,na_to_na,0.37022,coil,35.93,GAP3,0.834
Y379F,Y,F,Cytoplasmic,CaM_interaction,16,-4.1,1.3,24.6,neu_to_neu,np_to_np,a_to_a,0.37022,coil,35.93,GAP3,0.834
G380R,G,R,Cytoplasmic,CaM_interaction,-99.13,4.1,-70.8,3.9,neu_to_pos,p_to_p,na_to_na,0.40128,coil,31.49,GAP3,0.81
I385N,I,N,Cytoplasmic,CaM_interaction,-0.950000000000017,8,28.2,-38.6,neu_to_neu,np_to_p,na_to_na,0.79097,coil,38.43,GAP3,0.791
L391P,L,P,Cytoplasmic,CaM_interaction,16.04,5.4,22.6,-56.1,neu_to_neu,np_to_np,na_to_na,0.7887,helix,40.92,GAP3,0.713
L393V,L,V,Cytoplasmic,CaM_interaction,14.02,-0.4,15.9,-9.5,neu_to_neu,np_to_np,na_to_na,0.78719,coil,42.59,GAP3,0.731
L394P,L,P,Cytoplasmic,CaM_interaction,16.04,5.4,22.6,-56.1,neu_to_neu,np_to_np,na_to_na,0.78346,coil,39.75,GAP3,0.678
D398H,D,H,Cytoplasmic,CaM_interaction,-22.06,-0.3,-17.9,16.9,neg_to_pos,p_to_p,na_to_na,0.83378,coil,39.58,GAP3,0.678
K400E,K,E,Cytoplasmic,CaM_interaction,-0.939999999999998,-0.4,20.8,5.7,pos_to_neg,p_to_p,na_to_na,0.82181,coil,40.6,GAP3,0.68
P401Q,P,Q,Cytoplasmic,CaM_interaction,-31.02,1.9,-10.3,22.6,neu_to_neu,np_to_p,na_to_na,0.81105,coil,40,GAP3,0.652
P401R,P,R,Cytoplasmic,CaM_interaction,-59.07,2.9,-29.8,16.1,neu_to_pos,np_to_p,na_to_na,0.81105,coil,40,GAP3,0.652
A404D,A,D,Cytoplasmic,CaM_interaction,-44.01,5.3,-15.4,-7.6,neu_to_neg,np_to_p,na_to_na,0.74404,coil,34.23,GAP3,0.606
R406G,R,G,Cytoplasmic,CaM_interaction,99.13,-4.1,70.8,-3.9,pos_to_neu,p_to_p,na_to_na,0.78816,coil,32.12,GAP3,0.641
P410L,P,L,Cytoplasmic,CaM_interaction,-16.04,-5.4,-22.6,56.1,neu_to_neu,np_to_np,na_to_na,0.6538,coil,40.56,GAP3,0.691
P413R,P,R,Cytoplasmic,CaM_interaction,-59.07,2.9,-29.8,16.1,neu_to_pos,np_to_p,na_to_na,0.75001,coil,42.44,GAP3,0.69
S414C,S,C,Cytoplasmic,CaM_interaction,-16.07,-3.3,-9.9,33.1,neu_to_neu,p_to_p,na_to_na,0.69041,coil,37.42,GAP3,0.719
S417P,S,P,Cytoplasmic,CaM_interaction,-10.04,0.8,-22.9,-25.7,neu_to_neu,p_to_np,na_to_na,0.41752,coil,35.55,GAP3,0.793
P420L,P,L,Cytoplasmic,CaM_interaction,-16.04,-5.4,-22.6,56.1,neu_to_neu,np_to_np,na_to_na,0.31154,coil,35.04,GAP3,0.835
P420Q,P,Q,Cytoplasmic,CaM_interaction,-31.02,1.9,-10.3,22.6,neu_to_neu,np_to_p,na_to_na,0.31154,coil,35.04,GAP3,0.835
P420S,P,S,Cytoplasmic,CaM_interaction,10.04,-0.8,22.9,25.7,neu_to_neu,np_to_p,na_to_na,0.31154,coil,35.04,GAP3,0.835
P420R,P,R,Cytoplasmic,CaM_interaction,-59.07,2.9,-29.8,16.1,neu_to_pos,np_to_p,na_to_na,0.31154,coil,35.04,GAP3,0.835
A421V,A,V,Cytoplasmic,CaM_interaction,-28.06,-2.4,-31.8,17.8,neu_to_neu,np_to_np,na_to_na,0.33261,coil,28.22,GAP3,0.836
A422T,A,T,Cytoplasmic,CaM_interaction,-30.03,2.5,-18.1,2.1,neu_to_neu,np_to_p,na_to_na,0.23592,coil,34.48,GAP3,0.841
P424S,P,S,Cytoplasmic,CaM_interaction,10.04,-0.8,22.9,25.7,neu_to_neu,np_to_p,na_to_na,0.27089,coil,37.28,GAP3,0.845
G427E,G,E,Cytoplasmic,CaM_interaction,-72.06,3.1,-47.2,5.4,neu_to_neg,p_to_p,na_to_na,0.37752,coil,32.41,GAP3,0.895
P428L,P,L,Cytoplasmic,CaM_interaction,-16.04,-5.4,-22.6,56.1,neu_to_neu,np_to_np,na_to_na,0.40771,coil,35.87,GAP3,0.903
C429F,C,F,Cytoplasmic,CaM_interaction,-44.03,-0.3,-49.2,1.9,neu_to_neu,p_to_np,na_to_a,0.40906,coil,37.15,GAP3,0.915
C429Y,C,Y,Cytoplasmic,CaM_interaction,-60.03,3.8,-50.5,-22.7,neu_to_neu,p_to_np,na_to_a,0.40906,coil,37.15,GAP3,0.915
R432H,R,H,Cytoplasmic,CaM_interaction,19.04,-1.3,21.6,22,pos_to_pos,p_to_p,na_to_na,0.41429,coil,36.15,GAP3,0.947
A432T,A,T,Cytoplasmic,CaM_interaction,-30.03,2.5,-18.1,2.1,neu_to_neu,np_to_p,na_to_na,0.41429,coil,36.15,GAP3,0.947
R432C,R,C,Cytoplasmic,CaM_interaction,53.04,-7,42.8,42.7,pos_to_neu,p_to_p,na_to_na,0.41429,coil,36.15,GAP3,0.947
R435Q,R,Q,Cytoplasmic,CaM_interaction,28.05,-1,19.5,6.5,pos_to_neu,p_to_p,na_to_na,0.75031,coil,33.31,GAP3,0.882
D440H,D,H,Cytoplasmic,CaM_interaction,-22.06,-0.3,-17.9,16.9,neg_to_pos,p_to_p,na_to_na,0.82063,coil,32.37,GAP3,0.894
R442C,R,C,Cytoplasmic,CaM_interaction,53.04,-7,42.8,42.7,pos_to_neu,p_to_p,na_to_na,0.83206,coil,34.05,GAP3,0.929
Q443H,Q,H,Cytoplasmic,CaM_interaction,-9.00999999999999,-0.3,2.09999999999999,15.5,neu_to_pos,p_to_p,na_to_na,0.81933,coil,30.58,GAP3,0.955
R459G,R,G,Cytoplasmic,CaM_interaction,99.13,-4.1,70.8,-3.9,pos_to_neu,p_to_p,na_to_na,0.70307,coil,39.23,GAP3,0.825
A465P,A,P,Cytoplasmic,CaM_interaction,-26.04,3.4,-25.1,-28.8,neu_to_neu,np_to_np,na_to_na,0.79294,coil,32.09,GAP3,0.861
R469C,R,C,Cytoplasmic,CaM_interaction,53.04,-7,42.8,42.7,pos_to_neu,p_to_p,na_to_na,0.7926,coil,35.36,GAP3,0.788
A469T,A,T,Cytoplasmic,CaM_interaction,-30.03,2.5,-18.1,2.1,neu_to_neu,np_to_p,na_to_na,0.7926,coil,35.36,GAP3,0.788
I470V,I,V,Cytoplasmic,CaM_interaction,14.02,0.3,15.9,-12.1,neu_to_neu,np_to_np,na_to_na,0.78636,coil,34.17,GAP3,0.796
A471V,A,V,Cytoplasmic,CaM_interaction,-28.06,-2.4,-31.8,17.8,neu_to_neu,np_to_np,na_to_na,0.77468,coil,34.54,GAP3,0.772
A472T,A,T,Cytoplasmic,CaM_interaction,-30.03,2.5,-18.1,2.1,neu_to_neu,np_to_p,na_to_na,0.77842,coil,35.64,GAP3,0.764
R473W,R,W,Cytoplasmic,CaM_interaction,-30.03,-3.6,-29.2,36.3,pos_to_neu,p_to_np,na_to_a,0.71105,coil,36.32,GAP3,0.765
R493C,R,C,Cytoplasmic,CaM_interaction,53.04,-7,42.8,42.7,pos_to_neu,p_to_p,na_to_na,0.8222,coil,41.6,GAP3,0.924
R497H,R,H,Cytoplasmic,CaM_interaction,19.04,-1.3,21.6,22,pos_to_pos,p_to_p,na_to_na,0.82022,coil,43.44,GAP3,0.836
A502S,A,S,Cytoplasmic,CaM_interaction,-16,2.6,-2.2,-3.1,neu_to_neu,np_to_p,na_to_na,0.80566,coil,38.11,GAP3,0.92
A502V,A,V,Cytoplasmic,CaM_interaction,-28.06,-2.4,-31.8,17.8,neu_to_neu,np_to_np,na_to_na,0.80566,coil,38.11,GAP3,0.92
C513R,C,R,Cytoplasmic,CaM_interaction,-53.04,7,-42.8,-42.7,neu_to_pos,p_to_p,na_to_na,0.80217,coil,35.46,GAP3,0.798
G514R,G,R,Cytoplasmic,CaM_interaction,-99.13,4.1,-70.8,3.9,neu_to_pos,p_to_p,na_to_na,0.76074,coil,40.01,GAP3,0.807
G514E,G,E,Cytoplasmic,CaM_interaction,-72.06,3.1,-47.2,5.4,neu_to_neg,p_to_p,na_to_na,0.76074,coil,40.01,GAP3,0.807
E515D,E,D,Cytoplasmic,CaM_interaction,14.03,0,15.9,3.6,neg_to_neg,p_to_p,na_to_na,0.7476,coil,37.07,GAP3,0.82
M518I,M,I,Cytoplasmic,CaM_interaction,18.04,-2.6,-0.800000000000004,-3.6,neu_to_neu,np_to_np,na_to_na,0.59993,coil,34.45,GAP3,0.848
S520P,S,P,Cytoplasmic,CaM_interaction,-10.04,0.8,-22.9,-25.7,neu_to_neu,p_to_np,na_to_na,0.71512,coil,33.87,GAP3,0.817
K521R,K,R,Cytoplasmic,CaM_interaction,-28.01,0.6,-2.8,4.2,pos_to_pos,p_to_p,na_to_na,0.71581,coil,36.12,GAP3,0.824
C525S,C,S,Cytoplasmic,CaM_interaction,16.07,3.3,9.9,-33.1,neu_to_neu,p_to_p,na_to_na,0.85568,coil,33.76,GAP3,0.805
S530N,S,N,Cytoplasmic,CaM_interaction,-27.03,2.7,-17.3,-5.6,neu_to_neu,p_to_p,na_to_na,0.78351,coil,53.66,GAP3,0.861
E530K,E,K,Cytoplasmic,CaM_interaction,0.939999999999998,0.4,-20.8,-5.7,neg_to_pos,p_to_p,na_to_na,0.78351,coil,53.66,GAP3,0.861
D531V,D,V,Cytoplasmic,CaM_interaction,15.95,-7.7,-16.4,25.4,neg_to_neu,p_to_np,na_to_na,0.81479,coil,63.21,GAP3,0.826
P533R,P,R,Cytoplasmic,CaM_interaction,-59.07,2.9,-29.8,16.1,neu_to_pos,np_to_p,na_to_na,0.81818,coil,81.6,GAP3,0.741
M534I,M,I,Cytoplasmic,CaM_interaction,18.04,-2.6,-0.800000000000004,-3.6,neu_to_neu,np_to_np,na_to_na,0.83474,coil,82.21,GAP3,0.719
V536I,V,I,hB,CaM_interaction,-14.02,-0.3,-15.9,12.1,neu_to_neu,np_to_np,na_to_na,0.75804,coil,86.44,FRAG3,0.738
R541T,R,T,hB,CaM_interaction,55.08,-3.8,36.8,14.8,pos_to_neu,p_to_p,na_to_na,0.8255,coil,89.24,FRAG3,0.791
A542V,A,V,hB,CaM_interaction,-28.06,-2.4,-31.8,17.8,neu_to_neu,np_to_np,na_to_na,0.80048,helix,91.66,FRAG3,0.742
G543S,G,S,hB,CaM_interaction,-30.02,0.4,-18.1,13.5,neu_to_neu,p_to_p,na_to_na,0.79354,helix,92.17,FRAG3,0.719
V543M,V,M,hB,CaM_interaction,-32.06,2.3,-15.1,15.7,neu_to_neu,np_to_np,na_to_na,0.79354,helix,92.17,FRAG3,0.719
V545I,V,I,hB,CaM_interaction,-14.02,-0.3,-15.9,12.1,neu_to_neu,np_to_np,na_to_na,0.77938,helix,92.88,FRAG3,0.622
R547Q,R,Q,hB,CaM_interaction,28.05,-1,19.5,6.5,pos_to_neu,p_to_p,na_to_na,0.84002,helix,93.64,FRAG3,0.545
R553W,R,W,hB,CaM_interaction,-30.03,-3.6,-29.2,36.3,pos_to_neu,p_to_np,na_to_a,0.84257,helix,92.83,FRAG3,0.474
L557P,L,P,hB,CaM_interaction,16.04,5.4,22.6,-56.1,neu_to_neu,np_to_np,na_to_na,0.83665,helix,87.76,FRAG3,0.437
R563P,R,P,hC,SID_domain,59.07,-2.9,29.8,-16.1,pos_to_neu,p_to_np,na_to_na,0.85911,coil,87.91,FRAG3,0.295
V565M,V,M,hC,SID_domain,-32.06,2.3,-15.1,15.7,neu_to_neu,np_to_np,na_to_na,0.88011,helix,89.99,FRAG3,0.327
M573R,M,R,hC,SID_domain,-24.99,6.4,-8,-46.2,neu_to_pos,np_to_p,na_to_na,0.8247,helix,91.3,FRAG3,0.221
E579K,E,K,hC,SID_domain,0.939999999999998,0.4,-20.8,-5.7,neg_to_pos,p_to_p,na_to_na,0.79913,helix,95.14,FRAG3,0.466
E579Q,E,Q,hC,SID_domain,0.97999999999999,0,-4.09999999999999,5,neg_to_neu,p_to_p,na_to_na,0.79913,helix,95.14,FRAG3,0.466
P580L,P,L,hC,SID_domain,-16.04,-5.4,-22.6,56.1,neu_to_neu,np_to_np,na_to_na,0.78338,helix,92.14,FRAG3,0.468
Q586P,Q,P,hC,SID_domain,31.02,-1.9,10.3,-22.6,neu_to_neu,p_to_np,na_to_na,0.74901,helix,90.24,FRAG3,0.658
R595W,R,W,Cytoplasmic,SID_domain,-30.03,-3.6,-29.2,36.3,pos_to_neu,p_to_np,na_to_a,0.79581,coil,58.03,FRAG3,0.825
A598V,A,V,Cytoplasmic,SID_domain,-28.06,-2.4,-31.8,17.8,neu_to_neu,np_to_np,na_to_na,0.66703,coil,41.28,GAP4,0.903
T600M,T,M,Cytoplasmic,SID_domain,-30.09,-2.6,-28.8,31.4,neu_to_neu,p_to_np,na_to_na,0.71874,coil,43.96,GAP4,0.888
M602T,M,T,Cytoplasmic,SID_domain,30.09,2.6,28.8,-31.4,neu_to_neu,np_to_p,na_to_na,0.78879,coil,40.93,GAP4,0.895
R604C,R,C,Cytoplasmic,SID_domain,53.04,-7,42.8,42.7,pos_to_neu,p_to_p,na_to_na,0.80612,coil,35.49,GAP4,0.888
R604H,R,H,Cytoplasmic,SID_domain,19.04,-1.3,21.6,22,pos_to_pos,p_to_p,na_to_na,0.80612,coil,35.49,GAP4,0.888
T605I,T,I,Cytoplasmic,SID_domain,-12.05,-5.2,-29.6,27.8,neu_to_neu,p_to_np,na_to_na,0.63462,coil,38.32,GAP4,0.886
T605S,T,S,Cytoplasmic,SID_domain,14.03,0.1,15.9,-5.2,neu_to_neu,p_to_p,na_to_na,0.63462,coil,38.32,GAP4,0.886
I612L,I,L,Cytoplasmic,SID_domain,0,0.7,0,-2.6,neu_to_neu,np_to_np,na_to_na,0.77115,coil,37.22,GAP4,0.841
E612K,E,K,Cytoplasmic,SID_domain,0.939999999999998,0.4,-20.8,-5.7,neg_to_pos,p_to_p,na_to_na,0.77115,coil,37.22,GAP4,0.841
R622W,R,W,hD,SID_domain,-30.03,-3.6,-29.2,36.3,pos_to_neu,p_to_np,na_to_a,0.83746,helix,72.81,GAP4,0.756
G624R,G,R,hD,SID_domain,-99.13,4.1,-70.8,3.9,neu_to_pos,p_to_p,na_to_na,0.75039,helix,75.9,GAP4,0.73
E625K,E,K,hD,SID_domain,0.939999999999998,0.4,-20.8,-5.7,neg_to_pos,p_to_p,na_to_na,0.8189,helix,78.18,GAP4,0.761
A626T,A,T,hD,SID_domain,-30.03,2.5,-18.1,2.1,neu_to_neu,np_to_p,na_to_na,0.80865,helix,82.96,GAP4,0.797
P636L,P,L,hD,SID_domain,-16.04,-5.4,-22.6,56.1,neu_to_neu,np_to_np,na_to_na,0.74626,helix,86.8,GAP4,0.836
T637N,T,N,hD,SID_domain,-13,2.8,-1.4,-10.8,neu_to_neu,p_to_p,na_to_na,0.70963,helix,84.51,GAP4,0.851
P638L,P,L,hD,SID_domain,-16.04,-5.4,-22.6,56.1,neu_to_neu,np_to_np,na_to_na,0.73671,helix,84.43,GAP4,0.872
L640P,L,P,hD,SID_domain,16.04,5.4,22.6,-56.1,neu_to_neu,np_to_np,na_to_na,0.70391,helix,83.06,GAP4,0.865
R647W,R,W,hD,SID_domain,-30.03,-3.6,-29.2,36.3,pos_to_neu,p_to_np,na_to_a,0.7466,helix,73.93,GAP4,0.877
R647Q,R,Q,hD,SID_domain,28.05,-1,19.5,6.5,pos_to_neu,p_to_p,na_to_na,0.7466,helix,73.93,GAP4,0.877
D650N,D,N,Cytoplasmic,unknown_function,0.97999999999999,0,-4.1,-1.1,neg_to_neu,p_to_p,na_to_na,0.6797,coil,56.29,GAP4,0.871
P652L,P,L,Cytoplasmic,unknown_function,-16.04,-5.4,-22.6,56.1,neu_to_neu,np_to_np,na_to_na,0.69726,coil,54.87,GAP4,0.875
P652R,P,R,Cytoplasmic,unknown_function,-59.07,2.9,-29.8,16.1,neu_to_pos,np_to_p,na_to_na,0.69726,coil,54.87,GAP4,0.875
S662R,S,R,Cytoplasmic,unknown_function,-69.11,3.7,-52.7,-9.6,neu_to_pos,p_to_p,na_to_na,0.60503,coil,33.98,GAP4,0.831
A667V,A,V,Cytoplasmic,unknown_function,-28.06,-2.4,-31.8,17.8,neu_to_neu,np_to_np,na_to_na,0.73156,coil,40.61,GAP4,0.723
K668E,K,E,Cytoplasmic,unknown_function,-0.939999999999998,-0.4,20.8,5.7,pos_to_neg,p_to_p,na_to_na,0.76551,coil,39.72,GAP4,0.716
P669L,P,L,Cytoplasmic,unknown_function,-16.04,-5.4,-22.6,56.1,neu_to_neu,np_to_np,na_to_na,0.77228,coil,46.85,GAP4,0.699
F670L,F,L,Cytoplasmic,unknown_function,34.02,-1,13.6,-4.6,neu_to_neu,np_to_np,a_to_na,0.78021,coil,38.26,GAP4,0.699
S674L,S,L,Cytoplasmic,unknown_function,-26.08,-4.6,-45.5,30.4,neu_to_neu,p_to_np,na_to_na,0.65522,coil,31.64,GAP4,0.655
D675E,D,E,Cytoplasmic,unknown_function,-14.03,0,-15.9,-3.6,neg_to_neg,p_to_p,na_to_na,0.64413,coil,33.44,GAP4,0.678
R677W,R,W,Cytoplasmic,unknown_function,-30.03,-3.6,-29.2,36.3,pos_to_neu,p_to_np,na_to_a,0.57415,coil,31.88,GAP4,0.721
P677H,P,H,Cytoplasmic,unknown_function,-40.03,1.6,-8.2,38.1,neu_to_pos,np_to_p,na_to_na,0.57415,coil,31.88,GAP4,0.721
R677P,R,P,Cytoplasmic,unknown_function,59.07,-2.9,29.8,-16.1,pos_to_neu,p_to_np,na_to_na,0.57415,coil,31.88,GAP4,0.721
A679V,A,V,Cytoplasmic,unknown_function,-28.06,-2.4,-31.8,17.8,neu_to_neu,np_to_np,na_to_na,0.50938,coil,31.64,GAP4,0.719
P681L,P,L,Cytoplasmic,unknown_function,-16.04,-5.4,-22.6,56.1,neu_to_neu,np_to_np,na_to_na,0.47152,coil,35.11,GAP4,0.729
G684S,G,S,Cytoplasmic,unknown_function,-30.02,0.4,-18.1,13.5,neu_to_neu,p_to_p,na_to_na,0.60209,coil,35.44,GAP4,0.787
I686V,I,V,Cytoplasmic,unknown_function,14.02,0.3,15.9,-12.1,neu_to_neu,np_to_np,na_to_na,0.62997,beta_strand,34.07,GAP4,0.82
V690M,V,M,Cytoplasmic,unknown_function,-32.06,2.3,-15.1,15.7,neu_to_neu,np_to_np,na_to_na,0.6236,beta_strand,37.33,GAP4,0.82
R691H,R,H,Cytoplasmic,unknown_function,19.04,-1.3,21.6,22,pos_to_pos,p_to_p,na_to_na,0.68417,beta_strand,29.53,GAP4,0.776
R694H,R,H,Cytoplasmic,unknown_function,19.04,-1.3,21.6,22,pos_to_pos,p_to_p,na_to_na,0.69098,beta_strand,33.05,GAP4,0.792
S694T,S,T,Cytoplasmic,unknown_function,-14.03,-0.1,-15.9,5.2,neu_to_neu,p_to_p,na_to_na,0.69098,beta_strand,33.05,GAP4,0.792
E696K,E,K,Cytoplasmic,unknown_function,0.939999999999998,0.4,-20.8,-5.7,neg_to_pos,p_to_p,na_to_na,0.56848,coil,33.47,GAP4,0.817
T696M,T,M,Cytoplasmic,unknown_function,-30.09,-2.6,-28.8,31.4,neu_to_neu,p_to_np,na_to_na,0.56848,coil,33.47,GAP4,0.817
G696S,G,S,Cytoplasmic,unknown_function,-30.02,0.4,-18.1,13.5,neu_to_neu,p_to_p,na_to_na,0.56848,coil,33.47,GAP4,0.817
P696L,P,L,Cytoplasmic,unknown_function,-16.04,-5.4,-22.6,56.1,neu_to_neu,np_to_np,na_to_na,0.56848,coil,33.47,GAP4,0.817
T699A,T,A,Cytoplasmic,unknown_function,30.03,-2.5,18.1,-2.1,neu_to_neu,p_to_np,na_to_na,0.65899,coil,29.87,GAP4,0.812
V705M,V,M,Cytoplasmic,unknown_function,-32.06,2.3,-15.1,15.7,neu_to_neu,np_to_np,na_to_na,0.53845,coil,37.59,GAP4,0.803
G706D,G,D,Cytoplasmic,unknown_function,-58.03,3.1,-31.3,9,neu_to_neg,p_to_p,na_to_na,0.42804,coil,32.6,GAP4,0.782
D707N,D,N,Cytoplasmic,unknown_function,0.97999999999999,0,-4.1,-1.1,neg_to_neu,p_to_p,na_to_na,0.33483,coil,31.27,GAP4,0.743
A707T,A,T,Cytoplasmic,unknown_function,-30.03,2.5,-18.1,2.1,neu_to_neu,np_to_p,na_to_na,0.33483,coil,31.27,GAP4,0.743
L708Q,L,Q,Cytoplasmic,unknown_function,-14.98,7.3,12.3,-33.5,neu_to_neu,np_to_p,na_to_na,0.45186,coil,37.55,GAP4,0.735
R713C,R,C,Cytoplasmic,unknown_function,53.04,-7,42.8,42.7,pos_to_neu,p_to_p,na_to_na,0.71804,coil,42,GAP4,0.762
A716V,A,V,Cytoplasmic,unknown_function,-28.06,-2.4,-31.8,17.8,neu_to_neu,np_to_np,na_to_na,0.74417,coil,36.02,GAP4,0.731
R719W,R,W,Cytoplasmic,unknown_function,-30.03,-3.6,-29.2,36.3,pos_to_neu,p_to_np,na_to_a,0.67592,coil,32.55,GAP4,0.81
S722N,S,N,Cytoplasmic,unknown_function,-27.03,2.7,-17.3,-5.6,neu_to_neu,p_to_p,na_to_na,0.30845,coil,33.74,GAP4,0.837
R725C,R,C,Cytoplasmic,unknown_function,53.04,-7,42.8,42.7,pos_to_neu,p_to_p,na_to_na,0.54037,coil,35.97,GAP4,0.873
P725L,P,L,Cytoplasmic,unknown_function,-16.04,-5.4,-22.6,56.1,neu_to_neu,np_to_np,na_to_na,0.54037,coil,35.97,GAP4,0.873
A726T,A,T,Cytoplasmic,unknown_function,-30.03,2.5,-18.1,2.1,neu_to_neu,np_to_p,na_to_na,0.5904,coil,34.95,GAP4,0.902
P726A,P,A,Cytoplasmic,unknown_function,26.04,-3.4,25.1,28.8,neu_to_neu,np_to_np,na_to_na,0.5904,coil,34.95,GAP4,0.902
A730S,A,S,Cytoplasmic,unknown_function,-16,2.6,-2.2,-3.1,neu_to_neu,np_to_p,na_to_na,0.62876,coil,40.86,GAP4,0.822
E731K,E,K,Cytoplasmic,unknown_function,0.939999999999998,0.4,-20.8,-5.7,neg_to_pos,p_to_p,na_to_na,0.72936,coil,38.74,GAP4,0.815
R736Q,R,Q,Cytoplasmic,unknown_function,28.05,-1,19.5,6.5,pos_to_neu,p_to_p,na_to_na,0.61778,coil,39.55,GAP4,0.848
G737S,G,S,Cytoplasmic,unknown_function,-30.02,0.4,-18.1,13.5,neu_to_neu,p_to_p,na_to_na,0.60725,coil,36.74,GAP4,0.86
V740A,V,A,Cytoplasmic,unknown_function,28.06,2.4,31.8,-17.8,neu_to_neu,np_to_np,na_to_na,0.66588,beta_strand,36.04,GAP4,0.833
C743Y,C,Y,Cytoplasmic,unknown_function,-60.03,3.8,-50.5,-22.7,neu_to_neu,p_to_np,na_to_a,0.72372,coil,56.05,GAP4,0.81
P745L,P,L,Cytoplasmic,unknown_function,-16.04,-5.4,-22.6,56.1,neu_to_neu,np_to_np,na_to_na,0.73318,helix,55.28,GAP4,0.853
S751L,S,L,Cytoplasmic,unknown_function,-26.08,-4.6,-45.5,30.4,neu_to_neu,p_to_np,na_to_na,0.70899,helix,35.51,GAP4,0.816
R760C,R,C,Cytoplasmic,unknown_function,53.04,-7,42.8,42.7,pos_to_neu,p_to_p,na_to_na,0.66625,coil,35.03,GAP4,0.836
R760H,R,H,Cytoplasmic,unknown_function,19.04,-1.3,21.6,22,pos_to_pos,p_to_p,na_to_na,0.66625,coil,35.03,GAP4,0.836
A761T,A,T,Cytoplasmic,unknown_function,-30.03,2.5,-18.1,2.1,neu_to_neu,np_to_p,na_to_na,0.5857,coil,35.95,GAP4,0.857
V762M,V,M,Cytoplasmic,unknown_function,-32.06,2.3,-15.1,15.7,neu_to_neu,np_to_np,na_to_na,0.5846,coil,36.7,GAP4,0.877
R767W,R,W,Cytoplasmic,unknown_function,-30.03,-3.6,-29.2,36.3,pos_to_neu,p_to_np,na_to_a,0.43576,coil,33.47,GAP4,0.915
T768M,T,M,Cytoplasmic,unknown_function,-30.09,-2.6,-28.8,31.4,neu_to_neu,p_to_np,na_to_na,0.31124,coil,32.78,GAP4,0.901
T771I,T,I,Cytoplasmic,unknown_function,-12.05,-5.2,-29.6,27.8,neu_to_neu,p_to_np,na_to_na,0.36963,coil,35.78,GAP4,0.891
P772L,P,L,Cytoplasmic,unknown_function,-16.04,-5.4,-22.6,56.1,neu_to_neu,np_to_np,na_to_na,0.48446,coil,35.95,GAP4,0.9
C774F,C,F,Cytoplasmic,unknown_function,-44.03,-0.3,-49.2,1.9,neu_to_neu,p_to_np,na_to_a,0.45784,coil,32.72,GAP4,0.887
P777S,P,S,Cytoplasmic,unknown_function,10.04,-0.8,22.9,25.7,neu_to_neu,np_to_p,na_to_na,0.53256,coil,38.83,GAP4,0.794
P777R,P,R,Cytoplasmic,unknown_function,-59.07,2.9,-29.8,16.1,neu_to_pos,np_to_p,na_to_na,0.53256,coil,38.83,GAP4,0.794
D785E,D,E,Cytoplasmic,unknown_function,-14.03,0,-15.9,-3.6,neg_to_neg,p_to_p,na_to_na,0.71302,coil,35.98,GAP4,0.808
A785S,A,S,Cytoplasmic,unknown_function,-16,2.6,-2.2,-3.1,neu_to_neu,np_to_p,na_to_na,0.71302,coil,35.98,GAP4,0.808
V793L,V,L,Cytoplasmic,unknown_function,-14.02,0.4,-15.9,9.5,neu_to_neu,np_to_np,na_to_na,0.75895,coil,39.96,GAP4,0.737
F802L,F,L,Cytoplasmic,unknown_function,34.02,-1,13.6,-4.6,neu_to_neu,np_to_np,a_to_na,0.76956,coil,33.95,GAP4,0.809
A816T,A,T,Cytoplasmic,unknown_function,-30.03,2.5,-18.1,2.1,neu_to_neu,np_to_p,na_to_na,0.57812,coil,38.8,GAP4,0.864
G822R,G,R,Cytoplasmic,unknown_function,-99.13,4.1,-70.8,3.9,neu_to_pos,p_to_p,na_to_na,0.53493,coil,31.15,GAP4,0.85
A822T,A,T,Cytoplasmic,unknown_function,-30.03,2.5,-18.1,2.1,neu_to_neu,np_to_p,na_to_na,0.53493,coil,31.15,GAP4,0.85
A822V,A,V,Cytoplasmic,unknown_function,-28.06,-2.4,-31.8,17.8,neu_to_neu,np_to_np,na_to_na,0.53493,coil,31.15,GAP4,0.85
A825G,A,G,Cytoplasmic,unknown_function,14.02,2.2,15.9,-16.6,neu_to_neu,np_to_p,na_to_na,0.52616,coil,31.76,GAP4,0.862
C828G,C,G,Cytoplasmic,unknown_function,46.09,2.9,28,-46.6,neu_to_neu,p_to_p,na_to_na,0.67071,coil,30.1,GAP4,0.733
I834V,I,V,Cytoplasmic,unknown_function,14.02,0.3,15.9,-12.1,neu_to_neu,np_to_np,na_to_na,0.70398,coil,29.64,GAP4,0.716
A835V,A,V,Cytoplasmic,unknown_function,-28.06,-2.4,-31.8,17.8,neu_to_neu,np_to_np,na_to_na,0.61937,coil,30.33,GAP4,0.755
V842M,V,M,Cytoplasmic,unknown_function,-32.06,2.3,-15.1,15.7,neu_to_neu,np_to_np,na_to_na,0.74628,coil,28.49,GAP4,0.783
R843K,R,K,Cytoplasmic,unknown_function,28.01,-0.6,2.8,-4.2,pos_to_pos,p_to_p,na_to_na,0.73611,coil,30.25,GAP4,0.805
P848L,P,L,Cytoplasmic,unknown_function,-16.04,-5.4,-22.6,56.1,neu_to_neu,np_to_np,na_to_na,0.76061,coil,30.94,GAP4,0.776
P852L,P,L,Cytoplasmic,unknown_function,-16.04,-5.4,-22.6,56.1,neu_to_neu,np_to_np,na_to_na,0.59805,coil,38.32,GAP4,0.797
S855L,S,L,Cytoplasmic,unknown_function,-26.08,-4.6,-45.5,30.4,neu_to_neu,p_to_np,na_to_na,0.51862,coil,33.75,GAP4,0.809
G858S,G,S,Cytoplasmic,unknown_function,-30.02,0.4,-18.1,13.5,neu_to_neu,p_to_p,na_to_na,0.63367,coil,34.02,GAP4,0.847
F862L,F,L,Cytoplasmic,unknown_function,34.02,-1,13.6,-4.6,neu_to_neu,np_to_np,a_to_na,0.62613,coil,34.23,GAP4,0.927
A868P,A,P,Cytoplasmic,unknown_function,-26.04,3.4,-25.1,-28.8,neu_to_neu,np_to_np,na_to_na,0.5961,coil,38.58,GAP4,0.87
