0,1,2,3,4,5,6,7,8,9,10,11,12,13,14,15
R,Q,hB,CaM_interaction,28.05,-1,19.5,6.5,pos_to_neu,p_to_p,na_to_na,0.84257,helix,92.83,FRAG3,0.474
F,L,S6,pore_domain,34.02,-1,13.6,-4.6,neu_to_neu,np_to_np,a_to_na,0.79759,membrane_helix,94.57,FRAG2,0.157
G,E,Cytoplasmic,unknown_function,-72.06,3.1,-47.2,5.4,neu_to_neg,p_to_p,na_to_na,0.79829,membrane_helix,93.63,FRAG2,0.12
T,N,Extracelullar,pore_domain,-13,2.8,-1.4,-10.8,neu_to_neu,p_to_p,na_to_na,0.79635,coil,95.66,FRAG2,0.206
V,G,hC,SID_domain,42.08,4.6,47.7,-34.4,neu_to_neu,np_to_p,na_to_na,0.70078,helix,86.97,FRAG3,0.811
S,Y,S3,voltage_domain,-76.1,0.5,-60.4,10.4,neu_to_neu,p_to_np,na_to_a,0.78411,membrane_helix,72.41,GAP2,0.491
R,Q,Cytoplasmic,voltage_domain,28.05,-1,19.5,6.5,pos_to_neu,p_to_p,na_to_na,0.84035,membrane_helix,90.88,FRAG1,0.484
C,G,S5,pore_domain,46.09,2.9,28,-46.6,neu_to_neu,p_to_p,na_to_na,0.86024,membrane_helix,94.86,FRAG2,0.07
R,W,S4,voltage_domain,-30.03,-3.6,-29.2,36.3,pos_to_neu,p_to_np,na_to_a,0.85191,membrane_helix,76.95,FRAG2,0.128
C,G,S1,voltage_domain,46.09,2.9,28,-46.6,neu_to_neu,p_to_p,na_to_na,0.8511,membrane_helix,85.31,FRAG1,0.58
L,F,S1,voltage_domain,-34.02,1,-13.6,4.6,neu_to_neu,np_to_np,na_to_a,0.7835,membrane_helix,85.66,FRAG1,0.529
L,P,S5,pore_domain,16.04,5.4,22.6,-56.1,neu_to_neu,np_to_np,na_to_na,0.80565,membrane_helix,96.17,FRAG2,0.139
R,S,Extracelullar,pore_domain,69.11,-3.7,52.7,9.6,pos_to_neu,p_to_p,na_to_na,0.79372,coil,95.74,FRAG2,0.175
R,W,hB,CaM_interaction,-30.03,-3.6,-29.2,36.3,pos_to_neu,p_to_np,na_to_a,0.84257,helix,92.83,FRAG3,0.474
T,I,Extracelullar,voltage_domain,-12.05,-5.2,-29.6,27.8,neu_to_neu,p_to_np,na_to_na,0.80304,membrane_helix,83.92,FRAG1,0.58
N,H,hA,CaM_interaction,-23.04,-0.3,-13.8,18,neu_to_pos,p_to_p,na_to_na,0.84759,coil,84.39,FRAG2,0.284
T,P,S4,voltage_domain,3.99000000000001,0.9,-7,-30.9,neu_to_neu,p_to_np,na_to_na,0.83901,membrane_helix,84.63,FRAG2,0
R,G,Cytoplasmic,unknown_function,99.13,-4.1,70.8,-3.9,pos_to_neu,p_to_p,na_to_na,0.86843,helix,80.19,FRAG2,0.439
A,T,S3,voltage_domain,-30.03,2.5,-18.1,2.1,neu_to_neu,np_to_p,na_to_na,0.79684,membrane_helix,77.49,GAP2,0.524
N,S,Extracelullar,voltage_domain,27.03,-2.7,17.3,5.6,neu_to_neu,p_to_p,na_to_na,0.84766,helix,66.47,GAP2,0.355
A,D,Extracelullar,voltage_domain,-44.01,5.3,-15.4,-7.6,neu_to_neg,np_to_p,na_to_na,0.81929,helix,62.31,GAP2,0.304
K,M,Cytoplasmic,unknown_function,-3.02000000000001,-5.8,5.2,50.4,pos_to_neu,p_to_np,na_to_na,0.82729,helix,95.1,FRAG2,0.097
H,Y,Cytoplasmic,unknown_function,-26.03,-1.9,-29.3,-2,pos_to_neu,p_to_np,na_to_a,0.87637,helix,94.47,FRAG2,0.106
H,Y,Cytoplasmic,unknown_function,-26.03,-1.9,-29.3,-2,pos_to_neu,p_to_np,na_to_a,0.89251,helix,81.74,FRAG2,0.567
F,S,Extracelullar,pore_domain,60.1,3.6,59.1,-35,neu_to_neu,np_to_p,a_to_na,0.84291,coil,93.13,FRAG2,0.088
G,R,Cytoplasmic,voltage_domain,-99.13,4.1,-70.8,3.9,neu_to_pos,p_to_p,na_to_na,0.81661,coil,87.74,FRAG1,0.696
M,V,S4,voltage_domain,32.06,-2.3,15.1,-15.7,neu_to_neu,np_to_np,na_to_na,0.88118,membrane_helix,77.54,FRAG2,0.129
G,A,Cytoplasmic,unknown_function,-14.02,-2.2,-15.9,16.6,neu_to_neu,p_to_np,na_to_na,0.79829,membrane_helix,93.63,FRAG2,0.12
R,G,Cytoplasmic,voltage_domain,99.13,-4.1,70.8,-3.9,pos_to_neu,p_to_p,na_to_na,0.84035,membrane_helix,90.88,FRAG1,0.484
G,S,S6,pore_domain,-30.02,0.4,-18.1,13.5,neu_to_neu,p_to_p,na_to_na,0.78401,membrane_helix,96.01,FRAG2,0.17
R,C,S4,voltage_domain,53.04,-7,42.8,42.7,pos_to_neu,p_to_p,na_to_na,0.86252,membrane_helix,75.6,FRAG2,0.142
P,S,hA,CaM_interaction,10.04,-0.8,22.9,25.7,neu_to_neu,np_to_p,na_to_na,0.85016,helix,91.9,FRAG2,0.394
K,T,Cytoplasmic,unknown_function,27.07,-3.2,34,19,pos_to_neu,p_to_p,na_to_na,0.85537,helix,82.13,FRAG2,0.428
S,P,Cytoplasmic,CaM_interaction,-10.04,0.8,-22.9,-25.7,neu_to_neu,p_to_np,na_to_na,0.79218,coil,77.94,FRAG2,0.338
L,V,S5,pore_domain,14.02,-0.4,15.9,-9.5,neu_to_neu,np_to_np,na_to_na,0.80036,membrane_helix,96.11,FRAG2,0.069
L,P,Cytoplasmic,voltage_domain,16.04,5.4,22.6,-56.1,neu_to_neu,np_to_np,na_to_na,0.80405,coil,89.94,FRAG1,0.696
K,R,Extracelullar,pore_domain,-28.01,0.6,-2.8,4.2,pos_to_pos,p_to_p,na_to_na,0.81637,membrane_helix,91.59,FRAG2,0.076
R,W,Cytoplasmic,SID_domain,-30.03,-3.6,-29.2,36.3,pos_to_neu,p_to_np,na_to_a,0.79581,coil,58.03,FRAG3,0.825
T,P,S6,pore_domain,3.99000000000001,0.9,-7,-30.9,neu_to_neu,p_to_np,na_to_na,0.78176,membrane_helix,95.54,FRAG2,0.17
L,P,Pore,pore_domain,16.04,5.4,22.6,-56.1,neu_to_neu,np_to_np,na_to_na,0.81455,membrane_helix,96.95,FRAG2,0.259
W,C,hTW,CaM_interaction,83.07,-3.4,72,6.4,neu_to_neu,np_to_p,a_to_na,0.88364,coil,81.96,FRAG2,0.56
D,A,S4,voltage_domain,44.01,-5.3,15.4,7.6,neg_to_neu,p_to_np,na_to_na,0.85085,membrane_helix,75.16,FRAG2,0
L,M,hC,SID_domain,-18.04,1.9,0.800000000000004,6.2,neu_to_neu,np_to_np,na_to_na,0.79913,helix,95.14,FRAG3,0.466
G,R,S5,pore_domain,-99.13,4.1,-70.8,3.9,neu_to_pos,p_to_p,na_to_na,0.83092,membrane_helix,95.21,FRAG2,0.079
G,D,Extracelullar,pore_domain,-58.03,3.1,-31.3,9,neu_to_neg,p_to_p,na_to_na,0.77211,coil,95.29,FRAG2,0.202
T,N,Pore,pore_domain,-13,2.8,-1.4,-10.8,neu_to_neu,p_to_p,na_to_na,0.77933,membrane_helix,94.5,FRAG2,0.175
H,R,Cytoplasmic,unknown_function,-19.04,1.3,-21.6,-22,pos_to_pos,p_to_p,na_to_na,0.89251,helix,81.74,FRAG2,0.567
R,G,hA,CaM_interaction,99.13,-4.1,70.8,-3.9,pos_to_neu,p_to_p,na_to_na,0.85615,helix,86.23,FRAG2,0.386
V,G,S5,pore_domain,42.08,4.6,47.7,-34.4,neu_to_neu,np_to_p,na_to_na,0.81736,membrane_helix,96.05,FRAG2,0.124
G,C,Pore,selectivity_filter,-46.09,-2.9,-28,46.6,neu_to_neu,p_to_p,na_to_na,0.79177,membrane_helix,94.4,FRAG2,0.167
R,H,S4,voltage_domain,19.04,-1.3,21.6,22,pos_to_pos,p_to_p,na_to_na,0.84353,coil,68.27,FRAG2,0.253
I,M,S6,pore_domain,-18.04,2.6,0.800000000000004,3.6,neu_to_neu,np_to_np,na_to_na,0.81146,coil,96.13,FRAG2,0.169
R,P,S4,voltage_domain,59.07,-2.9,29.8,-16.1,pos_to_neu,p_to_np,na_to_na,0.86252,membrane_helix,75.6,FRAG2,0.142
E,D,Cytoplasmic,unknown_function,14.03,0,15.9,3.6,neg_to_neg,p_to_p,na_to_na,0.82851,helix,95.17,FRAG2,0.097
I,N,Pore,pore_domain,-0.950000000000017,8,28.2,-38.6,neu_to_neu,np_to_p,na_to_na,0.78549,membrane_helix,96.32,FRAG2,0.259
F,S,S5,pore_domain,60.1,3.6,59.1,-35,neu_to_neu,np_to_p,a_to_na,0.84188,membrane_helix,96.34,FRAG2,0.138
A,V,S5,pore_domain,-28.06,-2.4,-31.8,17.8,neu_to_neu,np_to_np,na_to_na,0.81594,membrane_helix,94.35,FRAG2,0.087
D,N,hC,SID_domain,0.97999999999999,0,-4.1,-1.1,neg_to_neu,p_to_p,na_to_na,0.85911,coil,87.91,FRAG3,0.295
P,A,hA,CaM_interaction,26.04,-3.4,25.1,28.8,neu_to_neu,np_to_np,na_to_na,0.85016,helix,91.9,FRAG2,0.394
Y,H,hTW,CaM_interaction,26.03,1.9,29.3,2,neu_to_pos,np_to_p,a_to_na,0.87464,coil,82.48,FRAG2,0.645
F,S,Cytoplasmic,unknown_function,60.1,3.6,59.1,-35,neu_to_neu,np_to_p,a_to_na,0.86687,helix,79.28,FRAG2,0.434
R,W,Cytoplasmic,unknown_function,-30.03,-3.6,-29.2,36.3,pos_to_neu,p_to_np,na_to_a,0.84883,coil,85.95,FRAG3,0.366
R,Q,S4,voltage_domain,28.05,-1,19.5,6.5,pos_to_neu,p_to_p,na_to_na,0.84763,membrane_helix,72.21,FRAG2,0
K,E,hB,CaM_interaction,-0.939999999999998,-0.4,20.8,5.7,pos_to_neg,p_to_p,na_to_na,0.83927,helix,91.15,FRAG3,0.451
Q,H,hA,CaM_interaction,-9.00999999999999,-0.3,2.09999999999999,15.5,neu_to_pos,p_to_p,na_to_na,0.84599,helix,93.28,FRAG2,0.369
T,A,S4,voltage_domain,30.03,-2.5,18.1,-2.1,neu_to_neu,p_to_np,na_to_na,0.83901,membrane_helix,84.63,FRAG2,0
C,F,S3,voltage_domain,-44.03,-0.3,-49.2,1.9,neu_to_neu,p_to_np,na_to_a,0.88252,coil,88.07,FRAG1,0.846
R,Q,hC,SID_domain,28.05,-1,19.5,6.5,pos_to_neu,p_to_p,na_to_na,0.8321,helix,94.47,FRAG3,0.475
W,C,Extracelullar,pore_domain,83.07,-3.4,72,6.4,neu_to_neu,np_to_p,a_to_na,0.83935,coil,95.03,FRAG2,0.205
A,V,S4,voltage_domain,-28.06,-2.4,-31.8,17.8,neu_to_neu,np_to_np,na_to_na,0.8043,helix,66.57,FRAG2,0.215
V,D,hC,SID_domain,-15.95,7.7,16.4,-25.4,neu_to_neg,np_to_p,na_to_na,0.83374,helix,92.03,FRAG3,0.25
T,K,hTW,CaM_interaction,-27.07,3.2,-34,-19,neu_to_pos,p_to_p,na_to_na,0.83093,helix,79.83,FRAG2,0.527
R,P,S4,voltage_domain,59.07,-2.9,29.8,-16.1,pos_to_neu,p_to_np,na_to_na,0.84763,membrane_helix,72.21,FRAG2,0
T,A,hTW,CaM_interaction,30.03,-2.5,18.1,-2.1,neu_to_neu,p_to_np,na_to_na,0.83093,helix,79.83,FRAG2,0.527
A,V,S6,pore_domain,-28.06,-2.4,-31.8,17.8,neu_to_neu,np_to_np,na_to_na,0.75832,membrane_helix,95.25,FRAG2,0.156
A,G,hA,CaM_interaction,14.02,2.2,15.9,-16.6,neu_to_neu,np_to_p,na_to_na,0.81259,helix,93.71,FRAG2,0.352
L,P,S4,voltage_domain,16.04,5.4,22.6,-56.1,neu_to_neu,np_to_np,na_to_na,0.79274,helix,69.48,FRAG2,0.214
N,K,Cytoplasmic,unknown_function,-14.07,0.4,-32.6,-8.2,neu_to_pos,p_to_p,na_to_na,0.7236,helix,86.53,FRAG1,0.597
E,D,Cytoplasmic,CaM_interaction,14.03,0,15.9,3.6,neg_to_neg,p_to_p,na_to_na,0.7476,coil,37.07,GAP3,0.82
I,F,hC,SID_domain,-34.02,1.7,-13.6,2,neu_to_neu,np_to_np,na_to_a,0.81029,helix,94.49,FRAG3,0.56
H,N,S1,voltage_domain,23.04,0.3,13.8,-18,pos_to_neu,p_to_p,na_to_na,0.77205,membrane_helix,88.17,FRAG1,0.429
L,Q,hA,CaM_interaction,-14.98,7.3,12.3,-33.5,neu_to_neu,np_to_p,na_to_na,0.78368,helix,95.74,FRAG2,0.387
G,S,S6,pore_domain,-30.02,0.4,-18.1,13.5,neu_to_neu,p_to_p,na_to_na,0.76378,membrane_helix,94.36,FRAG2,0.131
P,L,Cytoplasmic,unknown_function,-16.04,-5.4,-22.6,56.1,neu_to_neu,np_to_np,na_to_na,0.85411,coil,84.88,FRAG3,0.329
F,L,hB,CaM_interaction,34.02,-1,13.6,-4.6,neu_to_neu,np_to_np,a_to_na,0.85607,helix,92.96,FRAG3,0.47
G,R,Extracelullar,pore_domain,-99.13,4.1,-70.8,3.9,neu_to_pos,p_to_p,na_to_na,0.75477,membrane_helix,89.41,FRAG2,0.076
R,L,hC,SID_domain,43.03,-8.3,7.2,40,pos_to_neu,p_to_np,na_to_na,0.8321,helix,94.47,FRAG3,0.475
I,L,S5,pore_domain,0,0.7,0,-2.6,neu_to_neu,np_to_np,na_to_na,0.83796,membrane_helix,95.9,FRAG2,0.08
H,R,Cytoplasmic,unknown_function,-19.04,1.3,-21.6,-22,pos_to_pos,p_to_p,na_to_na,0.87637,helix,94.47,FRAG2,0.106
G,D,hC,SID_domain,-58.03,3.1,-31.3,9,neu_to_neg,p_to_p,na_to_na,0.81734,coil,93.08,FRAG3,0.224
H,Y,Extracelullar,pore_domain,-26.03,-1.9,-29.3,-2,pos_to_neu,p_to_np,na_to_a,0.81164,coil,91.32,FRAG2,0.083
D,Y,hC,SID_domain,-48.09,-2.2,-47.2,14.9,neg_to_neu,p_to_np,na_to_a,0.85911,coil,87.91,FRAG3,0.295
D,Y,Pore,selectivity_filter,-48.09,-2.2,-47.2,14.9,neg_to_neu,p_to_np,na_to_a,0.79944,coil,95.42,FRAG2,0.238
T,N,S4,voltage_domain,-13,2.8,-1.4,-10.8,neu_to_neu,p_to_p,na_to_na,0.83901,membrane_helix,84.63,FRAG2,0
E,G,Extracelullar,voltage_domain,72.06,-3.1,47.2,-5.4,neg_to_neu,p_to_p,na_to_na,0.76221,helix,83.98,FRAG1,0.546
L,R,hD,SID_domain,-43.03,8.3,-7.2,-40,neu_to_pos,np_to_p,na_to_na,0.70963,helix,84.51,GAP4,0.851
Y,D,Cytoplasmic,voltage_domain,48.09,2.2,47.2,-14.9,neu_to_neg,np_to_p,a_to_na,0.88678,coil,84.87,FRAG1,0.663
A,G,hA,CaM_interaction,14.02,2.2,15.9,-16.6,neu_to_neu,np_to_p,na_to_na,0.81124,helix,94.66,FRAG2,0.404
A,P,S6,pore_domain,-26.04,3.4,-25.1,-28.8,neu_to_neu,np_to_np,na_to_na,0.75832,membrane_helix,95.25,FRAG2,0.156
M,T,hB,CaM_interaction,30.09,2.6,28.8,-31.4,neu_to_neu,np_to_p,na_to_na,0.86202,helix,93.88,FRAG3,0.567
Y,N,Extracelullar,pore_domain,49.07,2.2,43.1,-16,neu_to_neu,np_to_p,a_to_na,0.85251,coil,95.58,FRAG2,0.176
R,S,hC,SID_domain,69.11,-3.7,52.7,9.6,pos_to_neu,p_to_p,na_to_na,0.66296,helix,87.12,FRAG3,0.705
T,S,Pore,selectivity_filter,14.03,0.1,15.9,-5.2,neu_to_neu,p_to_p,na_to_na,0.79332,membrane_helix,96.06,FRAG2,0.177
T,P,Pore,pore_domain,3.99000000000001,0.9,-7,-30.9,neu_to_neu,p_to_np,na_to_na,0.77933,membrane_helix,94.5,FRAG2,0.175
I,N,Pore,selectivity_filter,-0.950000000000017,8,28.2,-38.6,neu_to_neu,np_to_p,na_to_na,0.78844,membrane_helix,96.36,FRAG2,0.178
G,S,hC,SID_domain,-30.02,0.4,-18.1,13.5,neu_to_neu,p_to_p,na_to_na,0.81734,coil,93.08,FRAG3,0.224
T,P,Extracelullar,voltage_domain,3.99000000000001,0.9,-7,-30.9,neu_to_neu,p_to_np,na_to_na,0.82264,helix,64.67,GAP2,0.283
G,W,Pore,selectivity_filter,-129.16,0.5,-100,40.2,neu_to_neu,p_to_np,na_to_a,0.76872,coil,93.93,FRAG2,0.253
W,S,Pore,pore_domain,99.14,-0.0999999999999999,81.9,-26.7,neu_to_neu,np_to_p,a_to_na,0.88507,membrane_helix,96.89,FRAG2,0.276
R,W,S4,voltage_domain,-30.03,-3.6,-29.2,36.3,pos_to_neu,p_to_np,na_to_a,0.84835,membrane_helix,72.07,FRAG2,0
D,Y,Extracelullar,pore_domain,-48.09,-2.2,-47.2,14.9,neg_to_neu,p_to_np,na_to_a,0.77117,membrane_helix,90.34,FRAG2,0.077
G,S,Extracelullar,pore_domain,-30.02,0.4,-18.1,13.5,neu_to_neu,p_to_p,na_to_na,0.77211,coil,95.29,FRAG2,0.202
P,L,S6,pore_domain,-16.04,-5.4,-22.6,56.1,neu_to_neu,np_to_np,na_to_na,0.7944,membrane_helix,94.45,FRAG2,0.163
E,G,Cytoplasmic,unknown_function,72.06,-3.1,47.2,-5.4,neg_to_neu,p_to_p,na_to_na,0.82851,helix,95.17,FRAG2,0.097
Q,R,hD,SID_domain,-28.05,1,-19.5,-6.5,neu_to_pos,p_to_p,na_to_na,0.76508,helix,76.59,GAP4,0.882
A,G,S6,pore_domain,14.02,2.2,15.9,-16.6,neu_to_neu,np_to_p,na_to_na,0.76429,membrane_helix,95.64,FRAG2,0.163
S,P,Cytoplasmic,unknown_function,-10.04,0.8,-22.9,-25.7,neu_to_neu,p_to_np,na_to_na,0.82267,membrane_helix,95.03,FRAG2,0.102
D,E,Pore,selectivity_filter,-14.03,0,-15.9,-3.6,neg_to_neg,p_to_p,na_to_na,0.79944,coil,95.42,FRAG2,0.238
G,R,Pore,selectivity_filter,-99.13,4.1,-70.8,3.9,neu_to_pos,p_to_p,na_to_na,0.76872,coil,93.93,FRAG2,0.253
S,P,Cytoplasmic,unknown_function,-10.04,0.8,-22.9,-25.7,neu_to_neu,p_to_np,na_to_na,0.82258,helix,89.88,FRAG2,0.122
T,A,Extracelullar,pore_domain,30.03,-2.5,18.1,-2.1,neu_to_neu,p_to_np,na_to_na,0.83447,coil,94.16,FRAG2,0.164
L,F,S5,pore_domain,-34.02,1,-13.6,4.6,neu_to_neu,np_to_np,na_to_a,0.80036,membrane_helix,96.11,FRAG2,0.069
I,M,hC,SID_domain,-18.04,2.6,0.800000000000004,3.6,neu_to_neu,np_to_np,na_to_na,0.82961,coil,79.94,FRAG3,0.898
A,V,Cytoplasmic,unknown_function,-28.06,-2.4,-31.8,17.8,neu_to_neu,np_to_np,na_to_na,0.67086,helix,43.69,GAP4,0.879
G,S,hB,CaM_interaction,-30.02,0.4,-18.1,13.5,neu_to_neu,p_to_p,na_to_na,0.7776,coil,84.74,FRAG3,0.745
N,I,Extracelullar,voltage_domain,0.950000000000017,-8,-28.2,38.6,neu_to_neu,p_to_np,na_to_na,0.84766,helix,66.47,GAP2,0.355
G,E,Pore,selectivity_filter,-72.06,3.1,-47.2,5.4,neu_to_neg,p_to_p,na_to_na,0.76872,coil,93.93,FRAG2,0.253
T,I,Cytoplasmic,unknown_function,-12.05,-5.2,-29.6,27.8,neu_to_neu,p_to_np,na_to_na,0.74417,coil,36.02,GAP4,0.731
D,G,Pore,pore_domain,58.03,-3.1,31.3,-9,neg_to_neu,p_to_p,na_to_na,0.84725,coil,95.82,FRAG2,0.261
Q,P,Extracelullar,voltage_domain,31.02,-1.9,10.3,-22.6,neu_to_neu,p_to_np,na_to_na,0.848,coil,68.95,GAP2,0.47
M,I,hC,SID_domain,18.04,-2.6,-0.800000000000004,-3.6,neu_to_neu,np_to_np,na_to_na,0.86693,helix,94.26,FRAG3,0.436
I,N,hA,CaM_interaction,-0.950000000000017,8,28.2,-38.6,neu_to_neu,np_to_p,na_to_na,0.80753,helix,95.47,FRAG2,0.365
A,T,Cytoplasmic,unknown_function,-30.03,2.5,-18.1,2.1,neu_to_neu,np_to_p,na_to_na,0.80975,membrane_helix,92.68,FRAG2,0.145
Y,C,S2,voltage_domain,60.03,-3.8,50.5,22.7,neu_to_neu,np_to_p,a_to_na,0.77728,membrane_helix,84.07,FRAG1,0.574
D,E,Pore,pore_domain,-14.03,0,-15.9,-3.6,neg_to_neg,p_to_p,na_to_na,0.84725,coil,95.82,FRAG2,0.261
D,H,Pore,selectivity_filter,-22.06,-0.3,-17.9,16.9,neg_to_pos,p_to_p,na_to_na,0.79944,coil,95.42,FRAG2,0.238
T,I,Pore,pore_domain,-12.05,-5.2,-29.6,27.8,neu_to_neu,p_to_np,na_to_na,0.77933,membrane_helix,94.5,FRAG2,0.175
Q,R,hA,CaM_interaction,-28.05,1,-19.5,-6.5,neu_to_pos,p_to_p,na_to_na,0.84599,helix,93.28,FRAG2,0.369
V,M,S2,voltage_domain,-32.06,2.3,-15.1,15.7,neu_to_neu,np_to_np,na_to_na,0.77773,membrane_helix,91.05,FRAG1,0.605
I,T,S4,voltage_domain,12.05,5.2,29.6,-27.8,neu_to_neu,np_to_p,na_to_na,0.84613,membrane_helix,77.64,FRAG2,0.129
M,V,hB,CaM_interaction,32.06,-2.3,15.1,-15.7,neu_to_neu,np_to_np,na_to_na,0.86202,helix,93.88,FRAG3,0.567
S,F,hTW,CaM_interaction,-60.1,-3.6,-59.1,35,neu_to_neu,p_to_np,na_to_a,0.82396,helix,77.36,FRAG2,0.494
T,A,Extracelullar,voltage_domain,30.03,-2.5,18.1,-2.1,neu_to_neu,p_to_np,na_to_na,0.80304,membrane_helix,83.92,FRAG1,0.58
Y,C,hTW,CaM_interaction,60.03,-3.8,50.5,22.7,neu_to_neu,np_to_p,a_to_na,0.87464,coil,82.48,FRAG2,0.645
A,P,Cytoplasmic,CaM_interaction,-26.04,3.4,-25.1,-28.8,neu_to_neu,np_to_np,na_to_na,0.7619,coil,37.9,GAP3,0.871
N,K,hA,CaM_interaction,-14.07,0.4,-32.6,-8.2,neu_to_pos,p_to_p,na_to_na,0.84759,coil,84.39,FRAG2,0.284
D,G,S3,voltage_domain,58.03,-3.1,31.3,-9,neg_to_neu,p_to_p,na_to_na,0.84773,membrane_helix,88.63,FRAG1,0.727
L,H,S1,voltage_domain,-23.99,7,14.4,-18,neu_to_pos,np_to_p,na_to_na,0.77863,membrane_helix,89.54,FRAG1,0.509
C,Y,hB,CaM_interaction,-60.03,3.8,-50.5,-22.7,neu_to_neu,p_to_np,na_to_a,0.86626,helix,92.15,FRAG3,0.696
N,I,hA,CaM_interaction,0.950000000000017,-8,-28.2,38.6,neu_to_neu,p_to_np,na_to_na,0.84759,coil,84.39,FRAG2,0.284
R,L,hB,CaM_interaction,43.03,-8.3,7.2,40,pos_to_neu,p_to_np,na_to_na,0.84257,helix,92.83,FRAG3,0.474
M,V,hC,SID_domain,32.06,-2.3,15.1,-15.7,neu_to_neu,np_to_np,na_to_na,0.86693,helix,94.26,FRAG3,0.436
N,S,Extracelullar,pore_domain,27.03,-2.7,17.3,5.6,neu_to_neu,p_to_p,na_to_na,0.83332,membrane_helix,88.33,FRAG2,0.077
K,E,Cytoplasmic,unknown_function,-0.939999999999998,-0.4,20.8,5.7,pos_to_neg,p_to_p,na_to_na,0.8367,membrane_helix,86.92,FRAG2,0.236
K,M,Cytoplasmic,unknown_function,-3.02000000000001,-5.8,5.2,50.4,pos_to_neu,p_to_np,na_to_na,0.86197,helix,78.93,FRAG2,0.563
I,M,hA,CaM_interaction,-18.04,2.6,0.800000000000004,3.6,neu_to_neu,np_to_np,na_to_na,0.80753,helix,95.47,FRAG2,0.365
R,G,hC,SID_domain,99.13,-4.1,70.8,-3.9,pos_to_neu,p_to_p,na_to_na,0.8321,helix,94.47,FRAG3,0.475
G,V,S6,pore_domain,-42.08,-4.6,-47.7,34.4,neu_to_neu,p_to_np,na_to_na,0.76378,membrane_helix,94.36,FRAG2,0.131
S,T,Cytoplasmic,unknown_function,-14.03,-0.1,-15.9,5.2,neu_to_neu,p_to_p,na_to_na,0.82267,membrane_helix,95.03,FRAG2,0.102
V,L,S5,pore_domain,-14.02,0.4,-15.9,9.5,neu_to_neu,np_to_np,na_to_na,0.81736,membrane_helix,96.05,FRAG2,0.124
A,T,hA,CaM_interaction,-30.03,2.5,-18.1,2.1,neu_to_neu,np_to_p,na_to_na,0.81124,helix,94.66,FRAG2,0.404
Q,H,S4,voltage_domain,-9.00999999999999,-0.3,2.09999999999999,15.5,neu_to_pos,p_to_p,na_to_na,0.8594,membrane_helix,70.96,FRAG2,0.229
V,L,S3,voltage_domain,-14.02,0.4,-15.9,9.5,neu_to_neu,np_to_np,na_to_na,0.80831,membrane_helix,86,FRAG1,0.681
I,T,Pore,selectivity_filter,12.05,5.2,29.6,-27.8,neu_to_neu,np_to_p,na_to_na,0.78844,membrane_helix,96.36,FRAG2,0.178
G,E,Cytoplasmic,voltage_domain,-72.06,3.1,-47.2,5.4,neu_to_neg,p_to_p,na_to_na,0.81661,coil,87.74,FRAG1,0.696
P,L,hA,CaM_interaction,-16.04,-5.4,-22.6,56.1,neu_to_neu,np_to_np,na_to_na,0.85016,helix,91.9,FRAG2,0.394
A,V,Pore,pore_domain,-28.06,-2.4,-31.8,17.8,neu_to_neu,np_to_np,na_to_na,0.80531,coil,96.71,FRAG2,0.174
V,L,Cytoplasmic,unknown_function,-14.02,0.4,-15.9,9.5,neu_to_neu,np_to_np,na_to_na,0.81382,helix,93.36,FRAG2,0.114
Q,K,Extracelullar,voltage_domain,-0.039999999999992,0.4,-16.7,-10.7,neu_to_pos,p_to_p,na_to_na,0.848,coil,68.95,GAP2,0.47
A,P,S5,pore_domain,-26.04,3.4,-25.1,-28.8,neu_to_neu,np_to_np,na_to_na,0.80424,membrane_helix,95.4,FRAG2,0.139
F,S,S6,pore_domain,60.1,3.6,59.1,-35,neu_to_neu,np_to_p,a_to_na,0.79736,membrane_helix,95.05,FRAG2,0.147
T,P,S5,pore_domain,3.99000000000001,0.9,-7,-30.9,neu_to_neu,p_to_np,na_to_na,0.83568,coil,95.5,FRAG2,0.086
R,P,S4,voltage_domain,59.07,-2.9,29.8,-16.1,pos_to_neu,p_to_np,na_to_na,0.82569,helix,67.33,FRAG2,0.199
F,S,S1,voltage_domain,60.1,3.6,59.1,-35,neu_to_neu,np_to_p,a_to_na,0.80824,membrane_helix,87.73,FRAG1,0.59
G,W,Extracelullar,pore_domain,-129.16,0.5,-100,40.2,neu_to_neu,p_to_np,na_to_a,0.75477,membrane_helix,89.41,FRAG2,0.076
R,Q,hA,CaM_interaction,28.05,-1,19.5,6.5,pos_to_neu,p_to_p,na_to_na,0.85028,helix,89.91,FRAG2,0.351
L,P,S4,voltage_domain,16.04,5.4,22.6,-56.1,neu_to_neu,np_to_np,na_to_na,0.80278,membrane_helix,68.69,FRAG2,0.229
I,V,S4,voltage_domain,14.02,0.3,15.9,-12.1,neu_to_neu,np_to_np,na_to_na,0.83876,membrane_helix,76.38,FRAG2,0.231
F,I,Extracelullar,pore_domain,34.02,-1.7,13.6,-2,neu_to_neu,np_to_np,a_to_na,0.84291,coil,93.13,FRAG2,0.088
T,I,Extracelullar,pore_domain,-12.05,-5.2,-29.6,27.8,neu_to_neu,p_to_np,na_to_na,0.79635,coil,95.66,FRAG2,0.206
R,W,S4,voltage_domain,-30.03,-3.6,-29.2,36.3,pos_to_neu,p_to_np,na_to_a,0.84763,membrane_helix,72.21,FRAG2,0
R,Q,Cytoplasmic,unknown_function,28.05,-1,19.5,6.5,pos_to_neu,p_to_p,na_to_na,0.84883,coil,85.95,FRAG3,0.366
T,I,Extracelullar,pore_domain,-12.05,-5.2,-29.6,27.8,neu_to_neu,p_to_np,na_to_na,0.83447,coil,94.16,FRAG2,0.164
G,V,Pore,pore_domain,-42.08,-4.6,-47.7,34.4,neu_to_neu,p_to_np,na_to_na,0.81171,membrane_helix,96.21,FRAG2,0.26
D,G,Cytoplasmic,CaM_interaction,58.03,-3.1,31.3,-9,neg_to_neu,p_to_p,na_to_na,0.81798,coil,73.94,FRAG2,0.448
T,I,Extracelullar,voltage_domain,-12.05,-5.2,-29.6,27.8,neu_to_neu,p_to_np,na_to_na,0.82264,helix,64.67,GAP2,0.283
T,I,S5,pore_domain,-12.05,-5.2,-29.6,27.8,neu_to_neu,p_to_np,na_to_na,0.83568,coil,95.5,FRAG2,0.086
R,Q,S4,voltage_domain,28.05,-1,19.5,6.5,pos_to_neu,p_to_p,na_to_na,0.82569,helix,67.33,FRAG2,0.199
P,R,Cytoplasmic,unknown_function,-59.07,2.9,-29.8,16.1,neu_to_pos,np_to_p,na_to_na,0.85411,coil,84.88,FRAG3,0.329
E,Q,Cytoplasmic,unknown_function,0.97999999999999,0,-4.09999999999999,5,neg_to_neu,p_to_p,na_to_na,0.82851,helix,95.17,FRAG2,0.097
A,T,S5,pore_domain,-30.03,2.5,-18.1,2.1,neu_to_neu,np_to_p,na_to_na,0.81594,membrane_helix,94.35,FRAG2,0.087
T,M,Pore,pore_domain,-30.09,-2.6,-28.8,31.4,neu_to_neu,p_to_np,na_to_na,0.78146,membrane_helix,95.8,FRAG2,0.259
L,S,S6,pore_domain,26.08,4.6,45.5,-30.4,neu_to_neu,np_to_p,na_to_na,0.78539,membrane_helix,96.14,FRAG2,0.096
W,R,Pore,pore_domain,30.03,3.6,29.2,-36.3,neu_to_pos,np_to_p,a_to_na,0.87828,membrane_helix,96.46,FRAG2,0.26
R,Q,Cytoplasmic,CaM_interaction,28.05,-1,19.5,6.5,pos_to_neu,p_to_p,na_to_na,0.81382,coil,37.31,GAP3,0.909
A,T,Extracelullar,pore_domain,-30.03,2.5,-18.1,2.1,neu_to_neu,np_to_p,na_to_na,0.80417,membrane_helix,95.22,FRAG2,0.125
D,G,S4,voltage_domain,58.03,-3.1,31.3,-9,neg_to_neu,p_to_p,na_to_na,0.85085,membrane_helix,75.16,FRAG2,0
D,H,hC,SID_domain,-22.06,-0.3,-17.9,16.9,neg_to_pos,p_to_p,na_to_na,0.84738,helix,89.81,FRAG3,0.251
L,R,hA,CaM_interaction,-43.03,8.3,-7.2,-40,neu_to_pos,np_to_p,na_to_na,0.78368,helix,95.74,FRAG2,0.387
G,V,Extracelullar,voltage_domain,-42.08,-4.6,-47.7,34.4,neu_to_neu,p_to_np,na_to_na,0.81077,helix,65.64,GAP2,0.414
D,V,Pore,selectivity_filter,15.95,-7.7,-16.4,25.4,neg_to_neu,p_to_np,na_to_na,0.79944,coil,95.42,FRAG2,0.238
Y,D,Pore,pore_domain,48.09,2.2,47.2,-14.9,neu_to_neg,np_to_p,a_to_na,0.77557,coil,94.58,FRAG2,0.225
P,L,Cytoplasmic,unknown_function,-16.04,-5.4,-22.6,56.1,neu_to_neu,np_to_np,na_to_na,0.74223,coil,74.41,FRAG1,0.441
L,V,Cytoplasmic,CaM_interaction,14.02,-0.4,15.9,-9.5,neu_to_neu,np_to_np,na_to_na,0.79809,coil,79.5,FRAG2,0.284
W,G,hA,CaM_interaction,129.16,-0.5,100,-40.2,neu_to_neu,np_to_p,a_to_na,0.87974,helix,92.38,FRAG2,0.356
T,I,hA,CaM_interaction,-12.05,-5.2,-29.6,27.8,neu_to_neu,p_to_np,na_to_na,0.82835,helix,84.85,FRAG2,0.266
G,D,Cytoplasmic,unknown_function,-58.03,3.1,-31.3,9,neu_to_neg,p_to_p,na_to_na,0.7988,helix,92.49,FRAG2,0
G,R,Pore,pore_domain,-99.13,4.1,-70.8,3.9,neu_to_pos,p_to_p,na_to_na,0.81171,membrane_helix,96.21,FRAG2,0.26
A,T,S6,pore_domain,-30.03,2.5,-18.1,2.1,neu_to_neu,np_to_p,na_to_na,0.75832,membrane_helix,95.25,FRAG2,0.156
S,P,Extracelullar,voltage_domain,-10.04,0.8,-22.9,-25.7,neu_to_neu,p_to_np,na_to_na,0.82273,helix,67.25,FRAG2,0.303
A,E,S6,pore_domain,-58.04,5.3,-31.3,-11.2,neu_to_neg,np_to_p,na_to_na,0.75832,membrane_helix,95.25,FRAG2,0.156
R,W,hA,CaM_interaction,-30.03,-3.6,-29.2,36.3,pos_to_neu,p_to_np,na_to_a,0.85028,helix,89.91,FRAG2,0.351
I,M,Pore,pore_domain,-18.04,2.6,0.800000000000004,3.6,neu_to_neu,np_to_np,na_to_na,0.78549,membrane_helix,96.32,FRAG2,0.259
S,F,Extracelullar,voltage_domain,-60.1,-3.6,-59.1,35,neu_to_neu,p_to_np,na_to_a,0.82273,helix,67.25,FRAG2,0.303
R,G,hB,CaM_interaction,99.13,-4.1,70.8,-3.9,pos_to_neu,p_to_p,na_to_na,0.84002,helix,93.64,FRAG3,0.545
D,N,Pore,selectivity_filter,0.97999999999999,0,-4.1,-1.1,neg_to_neu,p_to_p,na_to_na,0.79944,coil,95.42,FRAG2,0.238
W,L,Pore,pore_domain,73.06,-4.7,36.4,3.7,neu_to_neu,np_to_np,a_to_na,0.88507,membrane_helix,96.89,FRAG2,0.276
L,P,S5,pore_domain,16.04,5.4,22.6,-56.1,neu_to_neu,np_to_np,na_to_na,0.80184,membrane_helix,96.09,FRAG2,0.13
D,Y,S4,voltage_domain,-48.09,-2.2,-47.2,14.9,neg_to_neu,p_to_np,na_to_a,0.85085,membrane_helix,75.16,FRAG2,0
R,G,Cytoplasmic,CaM_interaction,99.13,-4.1,70.8,-3.9,pos_to_neu,p_to_p,na_to_na,0.83002,coil,75.53,FRAG2,0.45
R,G,hB,CaM_interaction,99.13,-4.1,70.8,-3.9,pos_to_neu,p_to_p,na_to_na,0.8255,coil,89.24,FRAG3,0.791
V,I,Cytoplasmic,unknown_function,-14.02,-0.3,-15.9,12.1,neu_to_neu,np_to_np,na_to_na,0.82515,coil,87.03,FRAG2,0.218
Y,C,hTW,CaM_interaction,60.03,-3.8,50.5,22.7,neu_to_neu,np_to_p,a_to_na,0.87464,coil,80.74,FRAG2,0.563
P,S,Pore,pore_domain,10.04,-0.8,22.9,25.7,neu_to_neu,np_to_p,na_to_na,0.8078,coil,94.87,FRAG2,0.215
L,P,S4,voltage_domain,16.04,5.4,22.6,-56.1,neu_to_neu,np_to_np,na_to_na,0.75503,helix,66.48,FRAG2,0.213
D,E,hC,SID_domain,-14.03,0,-15.9,-3.6,neg_to_neg,p_to_p,na_to_na,0.85911,coil,87.91,FRAG3,0.295
Q,R,S4,voltage_domain,-28.05,1,-19.5,-6.5,neu_to_pos,p_to_p,na_to_na,0.8594,membrane_helix,70.96,FRAG2,0.229
P,T,Cytoplasmic,CaM_interaction,-3.99000000000001,-0.9,7,30.9,neu_to_neu,np_to_p,na_to_na,0.85405,coil,41.54,GAP3,0.731
P,L,Cytoplasmic,CaM_interaction,-16.04,-5.4,-22.6,56.1,neu_to_neu,np_to_np,na_to_na,0.67547,coil,38.26,GAP3,0.717
P,S,S6,pore_domain,10.04,-0.8,22.9,25.7,neu_to_neu,np_to_p,na_to_na,0.7944,membrane_helix,94.45,FRAG2,0.163
V,A,Cytoplasmic,unknown_function,28.06,2.4,31.8,-17.8,neu_to_neu,np_to_np,na_to_na,0.81382,helix,93.36,FRAG2,0.114
E,K,Cytoplasmic,CaM_interaction,0.939999999999998,0.4,-20.8,-5.7,neg_to_pos,p_to_p,na_to_na,0.78351,coil,53.66,GAP3,0.861
A,V,Cytoplasmic,SID_domain,-28.06,-2.4,-31.8,17.8,neu_to_neu,np_to_np,na_to_na,0.65708,coil,37.04,GAP4,0.848
E,K,Cytoplasmic,CaM_interaction,0.939999999999998,0.4,-20.8,-5.7,neg_to_pos,p_to_p,na_to_na,0.78351,coil,53.66,GAP3,0.861
D,E,Cytoplasmic,CaM_interaction,-14.03,0,-15.9,-3.6,neg_to_neg,p_to_p,na_to_na,0.77072,coil,36.65,GAP3,0.837
A,V,Cytoplasmic,unknown_function,-28.06,-2.4,-31.8,17.8,neu_to_neu,np_to_np,na_to_na,0.54134,coil,35.21,GAP1,0.754
N,I,Extracelullar,pore_domain,0.950000000000017,-8,-28.2,38.6,neu_to_neu,p_to_np,na_to_na,0.83332,membrane_helix,88.33,FRAG2,0.077
P,S,S6,pore_domain,10.04,-0.8,22.9,25.7,neu_to_neu,np_to_p,na_to_na,0.7944,membrane_helix,94.45,FRAG2,0.163
R,K,hA,CaM_interaction,28.01,-0.6,2.8,-4.2,pos_to_pos,p_to_p,na_to_na,0.85615,helix,86.23,FRAG2,0.386
V,M,hB,CaM_interaction,-32.06,2.3,-15.1,15.7,neu_to_neu,np_to_np,na_to_na,0.79354,helix,92.17,FRAG3,0.719
R,C,Cytoplasmic,unknown_function,53.04,-7,42.8,42.7,pos_to_neu,p_to_p,na_to_na,0.47339,coil,29.43,GAP4,0.811
D,N,Extracelullar,pore_domain,0.97999999999999,0,-4.1,-1.1,neg_to_neu,p_to_p,na_to_na,0.77117,membrane_helix,90.34,FRAG2,0.077
G,S,Pore,selectivity_filter,-30.02,0.4,-18.1,13.5,neu_to_neu,p_to_p,na_to_na,0.79177,membrane_helix,94.4,FRAG2,0.167
G,S,Pore,selectivity_filter,-30.02,0.4,-18.1,13.5,neu_to_neu,p_to_p,na_to_na,0.79177,membrane_helix,94.4,FRAG2,0.167
P,T,Cytoplasmic,CaM_interaction,-3.99000000000001,-0.9,7,30.9,neu_to_neu,np_to_p,na_to_na,0.85405,coil,41.54,GAP3,0.731
G,S,Cytoplasmic,unknown_function,-30.02,0.4,-18.1,13.5,neu_to_neu,p_to_p,na_to_na,0.60725,coil,36.74,GAP4,0.86
T,A,Extracelullar,pore_domain,30.03,-2.5,18.1,-2.1,neu_to_neu,p_to_np,na_to_na,0.79635,coil,95.66,FRAG2,0.206
D,N,Extracelullar,pore_domain,0.97999999999999,0,-4.1,-1.1,neg_to_neu,p_to_p,na_to_na,0.77117,membrane_helix,90.34,FRAG2,0.077
D,E,Cytoplasmic,CaM_interaction,-14.03,0,-15.9,-3.6,neg_to_neg,p_to_p,na_to_na,0.77072,coil,36.65,GAP3,0.837
R,C,Cytoplasmic,unknown_function,53.04,-7,42.8,42.7,pos_to_neu,p_to_p,na_to_na,0.47339,coil,29.43,GAP4,0.811
A,S,Cytoplasmic,unknown_function,-16,2.6,-2.2,-3.1,neu_to_neu,np_to_p,na_to_na,0.5857,coil,35.95,GAP4,0.857
G,S,Pore,selectivity_filter,-30.02,0.4,-18.1,13.5,neu_to_neu,p_to_p,na_to_na,0.79177,membrane_helix,94.4,FRAG2,0.167
N,T,Cytoplasmic,unknown_function,13,-2.8,1.4,10.8,neu_to_neu,p_to_p,na_to_na,0.5608,coil,30.2,GAP4,0.838
R,S,Cytoplasmic,unknown_function,69.11,-3.7,52.7,9.6,pos_to_neu,p_to_p,na_to_na,0.53425,coil,30.57,GAP4,0.847
Q,R,Extracelullar,voltage_domain,-28.05,1,-19.5,-6.5,neu_to_pos,p_to_p,na_to_na,0.848,coil,68.95,GAP2,0.47
S,F,S3,voltage_domain,-60.1,-3.6,-59.1,35,neu_to_neu,p_to_np,na_to_a,0.78411,membrane_helix,72.41,GAP2,0.491
L,P,S6,pore_domain,16.04,5.4,22.6,-56.1,neu_to_neu,np_to_np,na_to_na,0.74788,membrane_helix,95.78,FRAG2,0.162
A,V,Cytoplasmic,unknown_function,-28.06,-2.4,-31.8,17.8,neu_to_neu,np_to_np,na_to_na,0.54134,coil,35.21,GAP1,0.754
L,P,Cytoplasmic,unknown_function,16.04,5.4,22.6,-56.1,neu_to_neu,np_to_np,na_to_na,0.61123,helix,88.78,FRAG1,0.48
N,I,Extracelullar,pore_domain,0.950000000000017,-8,-28.2,38.6,neu_to_neu,p_to_np,na_to_na,0.83332,membrane_helix,88.33,FRAG2,0.077
I,L,Cytoplasmic,unknown_function,0,0.7,0,-2.6,neu_to_neu,np_to_np,na_to_na,0.60867,beta_strand,31.24,GAP4,0.829
N,I,Extracelullar,pore_domain,0.950000000000017,-8,-28.2,38.6,neu_to_neu,p_to_np,na_to_na,0.83332,membrane_helix,88.33,FRAG2,0.077
R,S,Cytoplasmic,unknown_function,69.11,-3.7,52.7,9.6,pos_to_neu,p_to_p,na_to_na,0.53425,coil,30.57,GAP4,0.847
R,Q,hD,SID_domain,28.05,-1,19.5,6.5,pos_to_neu,p_to_p,na_to_na,0.7466,helix,73.93,GAP4,0.877
P,L,Cytoplasmic,CaM_interaction,-16.04,-5.4,-22.6,56.1,neu_to_neu,np_to_np,na_to_na,0.67547,coil,38.26,GAP3,0.717
P,L,Cytoplasmic,CaM_interaction,-16.04,-5.4,-22.6,56.1,neu_to_neu,np_to_np,na_to_na,0.67547,coil,38.26,GAP3,0.717
V,A,Cytoplasmic,unknown_function,28.06,2.4,31.8,-17.8,neu_to_neu,np_to_np,na_to_na,0.81382,helix,93.36,FRAG2,0.114
R,K,hA,CaM_interaction,28.01,-0.6,2.8,-4.2,pos_to_pos,p_to_p,na_to_na,0.85615,helix,86.23,FRAG2,0.386
E,K,Cytoplasmic,CaM_interaction,0.939999999999998,0.4,-20.8,-5.7,neg_to_pos,p_to_p,na_to_na,0.78351,coil,53.66,GAP3,0.861
G,S,Pore,selectivity_filter,-30.02,0.4,-18.1,13.5,neu_to_neu,p_to_p,na_to_na,0.79177,membrane_helix,94.4,FRAG2,0.167
N,T,Cytoplasmic,unknown_function,13,-2.8,1.4,10.8,neu_to_neu,p_to_p,na_to_na,0.5608,coil,30.2,GAP4,0.838
N,I,Extracelullar,pore_domain,0.950000000000017,-8,-28.2,38.6,neu_to_neu,p_to_np,na_to_na,0.83332,membrane_helix,88.33,FRAG2,0.077
L,H,S1,voltage_domain,-23.99,7,14.4,-18,neu_to_pos,np_to_p,na_to_na,0.7835,membrane_helix,85.66,FRAG1,0.529
N,I,Extracelullar,pore_domain,0.950000000000017,-8,-28.2,38.6,neu_to_neu,p_to_np,na_to_na,0.83332,membrane_helix,88.33,FRAG2,0.077
N,I,Extracelullar,pore_domain,0.950000000000017,-8,-28.2,38.6,neu_to_neu,p_to_np,na_to_na,0.83332,membrane_helix,88.33,FRAG2,0.077
A,S,Cytoplasmic,unknown_function,-16,2.6,-2.2,-3.1,neu_to_neu,np_to_p,na_to_na,0.5857,coil,35.95,GAP4,0.857
D,E,Cytoplasmic,CaM_interaction,-14.03,0,-15.9,-3.6,neg_to_neg,p_to_p,na_to_na,0.77072,coil,36.65,GAP3,0.837
V,A,Cytoplasmic,unknown_function,28.06,2.4,31.8,-17.8,neu_to_neu,np_to_np,na_to_na,0.81382,helix,93.36,FRAG2,0.114
T,A,Extracelullar,pore_domain,30.03,-2.5,18.1,-2.1,neu_to_neu,p_to_np,na_to_na,0.79635,coil,95.66,FRAG2,0.206
A,V,Cytoplasmic,unknown_function,-28.06,-2.4,-31.8,17.8,neu_to_neu,np_to_np,na_to_na,0.54134,coil,35.21,GAP1,0.754
Q,R,Extracelullar,voltage_domain,-28.05,1,-19.5,-6.5,neu_to_pos,p_to_p,na_to_na,0.848,coil,68.95,GAP2,0.47
V,A,Cytoplasmic,unknown_function,28.06,2.4,31.8,-17.8,neu_to_neu,np_to_np,na_to_na,0.81382,helix,93.36,FRAG2,0.114
I,T,hC,SID_domain,12.05,5.2,29.6,-27.8,neu_to_neu,np_to_p,na_to_na,0.84894,helix,93.46,FRAG3,0.25
L,P,Cytoplasmic,unknown_function,16.04,5.4,22.6,-56.1,neu_to_neu,np_to_np,na_to_na,0.61123,helix,88.78,FRAG1,0.48
R,C,Cytoplasmic,unknown_function,53.04,-7,42.8,42.7,pos_to_neu,p_to_p,na_to_na,0.47339,coil,29.43,GAP4,0.811
E,K,Cytoplasmic,CaM_interaction,0.939999999999998,0.4,-20.8,-5.7,neg_to_pos,p_to_p,na_to_na,0.78351,coil,53.66,GAP3,0.861
R,Q,hD,SID_domain,28.05,-1,19.5,6.5,pos_to_neu,p_to_p,na_to_na,0.7466,helix,73.93,GAP4,0.877
R,G,Cytoplasmic,CaM_interaction,99.13,-4.1,70.8,-3.9,pos_to_neu,p_to_p,na_to_na,0.8228,coil,43.76,GAP3,0.683
R,K,hA,CaM_interaction,28.01,-0.6,2.8,-4.2,pos_to_pos,p_to_p,na_to_na,0.85615,helix,86.23,FRAG2,0.386
R,C,Cytoplasmic,unknown_function,53.04,-7,42.8,42.7,pos_to_neu,p_to_p,na_to_na,0.47339,coil,29.43,GAP4,0.811
Y,F,S5,pore_domain,16,-4.1,1.3,24.6,neu_to_neu,np_to_np,a_to_a,0.87002,membrane_helix,96.25,FRAG2,0.08
V,M,S3,voltage_domain,-32.06,2.3,-15.1,15.7,neu_to_neu,np_to_np,na_to_na,0.79708,membrane_helix,78.38,FRAG1,0.565
V,A,Cytoplasmic,unknown_function,28.06,2.4,31.8,-17.8,neu_to_neu,np_to_np,na_to_na,0.81382,helix,93.36,FRAG2,0.114
V,A,Cytoplasmic,unknown_function,28.06,2.4,31.8,-17.8,neu_to_neu,np_to_np,na_to_na,0.81382,helix,93.36,FRAG2,0.114
V,M,hB,CaM_interaction,-32.06,2.3,-15.1,15.7,neu_to_neu,np_to_np,na_to_na,0.79354,helix,92.17,FRAG3,0.719
P,S,S6,pore_domain,10.04,-0.8,22.9,25.7,neu_to_neu,np_to_p,na_to_na,0.7944,membrane_helix,94.45,FRAG2,0.163
R,S,Cytoplasmic,unknown_function,69.11,-3.7,52.7,9.6,pos_to_neu,p_to_p,na_to_na,0.53425,coil,30.57,GAP4,0.847
D,N,Extracelullar,pore_domain,0.97999999999999,0,-4.1,-1.1,neg_to_neu,p_to_p,na_to_na,0.77117,membrane_helix,90.34,FRAG2,0.077
L,P,S6,pore_domain,16.04,5.4,22.6,-56.1,neu_to_neu,np_to_np,na_to_na,0.74788,membrane_helix,95.78,FRAG2,0.162
L,P,Cytoplasmic,unknown_function,16.04,5.4,22.6,-56.1,neu_to_neu,np_to_np,na_to_na,0.61123,helix,88.78,FRAG1,0.48
N,T,Cytoplasmic,unknown_function,13,-2.8,1.4,10.8,neu_to_neu,p_to_p,na_to_na,0.5608,coil,30.2,GAP4,0.838
P,L,Cytoplasmic,CaM_interaction,-16.04,-5.4,-22.6,56.1,neu_to_neu,np_to_np,na_to_na,0.67547,coil,38.26,GAP3,0.717
V,M,hB,CaM_interaction,-32.06,2.3,-15.1,15.7,neu_to_neu,np_to_np,na_to_na,0.79354,helix,92.17,FRAG3,0.719
A,V,Cytoplasmic,unknown_function,-28.06,-2.4,-31.8,17.8,neu_to_neu,np_to_np,na_to_na,0.54134,coil,35.21,GAP1,0.754
I,T,hC,SID_domain,12.05,5.2,29.6,-27.8,neu_to_neu,np_to_p,na_to_na,0.84894,helix,93.46,FRAG3,0.25
G,S,Cytoplasmic,unknown_function,-30.02,0.4,-18.1,13.5,neu_to_neu,p_to_p,na_to_na,0.60725,coil,36.74,GAP4,0.86
G,S,Pore,selectivity_filter,-30.02,0.4,-18.1,13.5,neu_to_neu,p_to_p,na_to_na,0.79177,membrane_helix,94.4,FRAG2,0.167
T,A,Extracelullar,pore_domain,30.03,-2.5,18.1,-2.1,neu_to_neu,p_to_np,na_to_na,0.79635,coil,95.66,FRAG2,0.206
T,A,Extracelullar,pore_domain,30.03,-2.5,18.1,-2.1,neu_to_neu,p_to_np,na_to_na,0.79635,coil,95.66,FRAG2,0.206
D,E,Cytoplasmic,CaM_interaction,-14.03,0,-15.9,-3.6,neg_to_neg,p_to_p,na_to_na,0.77072,coil,36.65,GAP3,0.837
A,V,Cytoplasmic,unknown_function,-28.06,-2.4,-31.8,17.8,neu_to_neu,np_to_np,na_to_na,0.54134,coil,35.21,GAP1,0.754
Q,R,Extracelullar,voltage_domain,-28.05,1,-19.5,-6.5,neu_to_pos,p_to_p,na_to_na,0.848,coil,68.95,GAP2,0.47
E,K,Cytoplasmic,CaM_interaction,0.939999999999998,0.4,-20.8,-5.7,neg_to_pos,p_to_p,na_to_na,0.78351,coil,53.66,GAP3,0.861
D,N,Extracelullar,pore_domain,0.97999999999999,0,-4.1,-1.1,neg_to_neu,p_to_p,na_to_na,0.77117,membrane_helix,90.34,FRAG2,0.077
R,C,Cytoplasmic,unknown_function,53.04,-7,42.8,42.7,pos_to_neu,p_to_p,na_to_na,0.47339,coil,29.43,GAP4,0.811
R,G,Cytoplasmic,CaM_interaction,99.13,-4.1,70.8,-3.9,pos_to_neu,p_to_p,na_to_na,0.8228,coil,43.76,GAP3,0.683
A,S,Cytoplasmic,unknown_function,-16,2.6,-2.2,-3.1,neu_to_neu,np_to_p,na_to_na,0.5857,coil,35.95,GAP4,0.857
R,K,hA,CaM_interaction,28.01,-0.6,2.8,-4.2,pos_to_pos,p_to_p,na_to_na,0.85615,helix,86.23,FRAG2,0.386
A,V,Cytoplasmic,SID_domain,-28.06,-2.4,-31.8,17.8,neu_to_neu,np_to_np,na_to_na,0.65708,coil,37.04,GAP4,0.848
V,A,Cytoplasmic,unknown_function,28.06,2.4,31.8,-17.8,neu_to_neu,np_to_np,na_to_na,0.81382,helix,93.36,FRAG2,0.114
A,S,Cytoplasmic,unknown_function,-16,2.6,-2.2,-3.1,neu_to_neu,np_to_p,na_to_na,0.5857,coil,35.95,GAP4,0.857
E,K,Cytoplasmic,CaM_interaction,0.939999999999998,0.4,-20.8,-5.7,neg_to_pos,p_to_p,na_to_na,0.78351,coil,53.66,GAP3,0.861
P,S,S6,pore_domain,10.04,-0.8,22.9,25.7,neu_to_neu,np_to_p,na_to_na,0.7944,membrane_helix,94.45,FRAG2,0.163
P,T,Cytoplasmic,CaM_interaction,-3.99000000000001,-0.9,7,30.9,neu_to_neu,np_to_p,na_to_na,0.85405,coil,41.54,GAP3,0.731
Q,R,Extracelullar,voltage_domain,-28.05,1,-19.5,-6.5,neu_to_pos,p_to_p,na_to_na,0.848,coil,68.95,GAP2,0.47
I,T,hC,SID_domain,12.05,5.2,29.6,-27.8,neu_to_neu,np_to_p,na_to_na,0.84894,helix,93.46,FRAG3,0.25
L,P,Cytoplasmic,unknown_function,16.04,5.4,22.6,-56.1,neu_to_neu,np_to_np,na_to_na,0.61123,helix,88.78,FRAG1,0.48
R,G,Cytoplasmic,CaM_interaction,99.13,-4.1,70.8,-3.9,pos_to_neu,p_to_p,na_to_na,0.8228,coil,43.76,GAP3,0.683
V,M,hB,CaM_interaction,-32.06,2.3,-15.1,15.7,neu_to_neu,np_to_np,na_to_na,0.79354,helix,92.17,FRAG3,0.719
D,N,Extracelullar,pore_domain,0.97999999999999,0,-4.1,-1.1,neg_to_neu,p_to_p,na_to_na,0.77117,membrane_helix,90.34,FRAG2,0.077
V,M,hB,CaM_interaction,-32.06,2.3,-15.1,15.7,neu_to_neu,np_to_np,na_to_na,0.79354,helix,92.17,FRAG3,0.719
P,L,Cytoplasmic,CaM_interaction,-16.04,-5.4,-22.6,56.1,neu_to_neu,np_to_np,na_to_na,0.67547,coil,38.26,GAP3,0.717
L,P,Cytoplasmic,unknown_function,16.04,5.4,22.6,-56.1,neu_to_neu,np_to_np,na_to_na,0.61123,helix,88.78,FRAG1,0.48
E,K,Cytoplasmic,CaM_interaction,0.939999999999998,0.4,-20.8,-5.7,neg_to_pos,p_to_p,na_to_na,0.78351,coil,53.66,GAP3,0.861
P,T,Cytoplasmic,CaM_interaction,-3.99000000000001,-0.9,7,30.9,neu_to_neu,np_to_p,na_to_na,0.85405,coil,41.54,GAP3,0.731
V,M,hB,CaM_interaction,-32.06,2.3,-15.1,15.7,neu_to_neu,np_to_np,na_to_na,0.79354,helix,92.17,FRAG3,0.719
L,P,Cytoplasmic,unknown_function,16.04,5.4,22.6,-56.1,neu_to_neu,np_to_np,na_to_na,0.61123,helix,88.78,FRAG1,0.48
L,P,S6,pore_domain,16.04,5.4,22.6,-56.1,neu_to_neu,np_to_np,na_to_na,0.74788,membrane_helix,95.78,FRAG2,0.162
A,S,Cytoplasmic,unknown_function,-16,2.6,-2.2,-3.1,neu_to_neu,np_to_p,na_to_na,0.5857,coil,35.95,GAP4,0.857
P,L,Cytoplasmic,CaM_interaction,-16.04,-5.4,-22.6,56.1,neu_to_neu,np_to_np,na_to_na,0.67547,coil,38.26,GAP3,0.717
